Locus	ASV	Reads	TotalReads	Frequency
Pf3D7_01_v3-162867-163115-1A	ATATACCAATAATACTTTTTTTTTTAAATAATGTAAAAAATGATTTATATAATTGTTATAAACAAATGATCACATATCATAATAATAATATCCTAAATCATAACTCTAATATTTTATCAAAAGAAAATGAAAAAAAACAACCTTTTTCAACATATAATATATCAAATCTTTGTTCTCCTGACCAAATGGTGATAAATAAAAA	30	30	1.0
Pf3D7_01_v3-181512-181761-1A	TTCATTATTGTTTTCATTCTTTTTTTAACGAAAACTATTCATCTCAAAAATATAAGATATTTTATATGACGAATGCCATTGTATTTTTTGTTACGTAAAACCTGACTTCTTCAAGGAAAACACATGCGCATTTTCACCAATTTTTGCCTAAGCTTATTATAAAAAGTATATTAAATGTATGAC	53	53	1.0
Pf3D7_01_v3-194742-194973-1B	TACCTATAAAAATGAAAAAAATAAAGAAGAAGATAAATATGGAAAAAATGAAAAAAACGAAAAATATGACAAATATGACAAATATGAAAAATATGAAAAATATGATAAATACAAAAAAGATAATAAAAATCAACATGATGATCCACTTTATGATAATATTAATAAAAATTACGATAA	243	243	1.0
Pf3D7_01_v3-455794-456054-1A	AGAAAAAAAATTTATTAAGAGGTATTTAGATTTTAAAAATTTAAGAATTAATTTTTAATTATGTCTATAAAAACTTAATAGAAAATAAATATTATTTTGTTTTTCAAAAAAATGTTTAAGAATAATATTTCTTTATTCTTTTACAATTTAGAACATATAATGCTATTTCTTTTAATTTTAATTTAATTTCAAA	5	5	1.0
Pf3D7_01_v3-528859-529104-1A	TTTGATTCTTTTTAATAAAAAAGAAGCTAAAGATATGTCAGACGATATAATTTCCCAACAAAAACGTTATTGCTCTACCAATATTCATAGTATTTATAATAATAAAATATGTATATGTAAAAATAAGCGACATCATAACAAAAGAGGGAAAGGAATAAAGCATCATGACATACATCAAAAGG	216	216	1.0
Pf3D7_02_v3-290580-290821-1A	TTATTATAAGGATTATAATTATTATCATTCTTATTATATGGATTAATATAATTTCGATCATAATCATTACTGTTTTTATCATATTGTGGATAATTATTTCTATTTCTATTTTGATTAAAATCCGATTGTCTATATCTAACTCTAATATCTGTAGATGCTAAATCATTAGGTAATGGG	95	95	1.0
Pf3D7_02_v3-291770-292017-1A	TAATATCATAAGGTTTGAATATTTTCCTCTCAGGTATTATACCAACAGAAGGTTTATCATCATCTTTAAAACCTGTTCTATCTTTAACCCATTGATTAGGATTTTTTAAACATAAAGCTGGATTCTTTAATAAATCTTTCATATGTTCCATATTATTTTCTTCATTTATATATGATTCTAC	40	40	1.0
Pf3D7_02_v3-470437-470709-1A	AATATTGACATGAAACATTATAATACACATAAGAAAAAAAAAATTTATTTATTCTTACAAAAAGAATATAAAAACAAAATTTTGGGATTTATAAATTTTTATAAACATATAACACACAAAATAAAAAAGAAACAAGAAAATGTTCATGATAAAATCACTTTTTTAAAATGTCTAAAGGAACTCTTTTTTGTCACACATACAAATG	3	3	1.0
Pf3D7_02_v3-503040-503288-1A	ATTATGATTAATAATAATATTTCTCATAATTTCGTTAAATACATCTAAACTATTTATAGAACCATCTATATCATCTTCATTCCTATTTTGGTGAACCGATTCGGTGTTTATAACATCTAAGGTGTCTTTTTCTTCTCCTCTGTAACTTTTTATAATTTTTTGATAAATGTTGTTATAAGAATTATCA	73	73	1.0
Pf3D7_02_v3-628941-629172-1A	ACTTTTTTTAGATTTTTCTTGATCGTTTTCATCATTTTTTATTTCCTGTTCATCTGAGGTTTTCTTTTGTAAACGCTTAGTGCGTTCCTTTTGACCTTTTAATTTTTTTTTAAATATATTTTTAACTTGATCAATGAAGAAAGCATAATCTTGTATGACAGAAAATCT	137	137	1.0
Pf3D7_02_v3-630641-630907-1A	CTAAGTTATCTAAAATTATTAATTTTTTCAAATATGGTAATTCATGTCTATGAAGTAATAAGCCATCAACTAAATCTAAATCTAAACATAACCATTCTAATTTCGTTTCATTTAATATGTTTACAATTACATCTATACTAAATTTAGAATGTAAAATCAAGGCTGTTACACCACTCATCATAGCTGCCATATCAGCAAT	9	9	1.0
Pf3D7_03_v3-221185-221419-1B	AAATAAATTAAATAGGAAAATATAAAGAAAAATGAAAATTAAGAAAAAAAGTAGTATATATTTTTATAAATATTGTACAACTCAAACTAAGATGTGTTCTTTATCTAATTAAGGAACAAGAAGGATAATACCATTATTAATCCTATTGAACTATTTACGACATTAAACA	11	11	1.0
Pf3D7_03_v3-221295-221532-2	AAGGAACAAGAAGGATAATACCATTATTAATCCTATTGAACTATTTACGACATTAAACACACTGGAACATTTTTCCATTTTACAAATTTTTTTTTCAATATCATTTTCATAATCTAATTGGTCTTTAGGTTTATCAGCAGAGCCAGGCTTTATTCTAACTTGAATACCATTTCCACAAGTTA	1143	1143	1.0
Pf3D7_03_v3-221463-221712-1B	ACTTGAATACCATTTCCACAAGTTACACTACATGGGGACCATTCAGTTGAAAGAGAATTTTGTATTTTCTTTAAATATTGTTCTATGTGCTTATCACTTGGTTCTTCGTTATTATTATTTTTTACAGCATTGTTGGCATTAGCATTTTCATCTACATTTCGGTTTGGGTCATTTGGCATATTGTGACCTTGTC	77	77	1.0
Pf3D7_03_v3-515418-515657-1A	TTTCTTTAATTTCTATATGTTTGAATTCCCTTATAGACATATTTGAATCATTATTACTTTTATATGAAGTGTTATTATCGAAATTATTATTAATACATTTTATTTTAATGATTTTGTTAAAATTTTTATTATTTACTATAATGGAAGTCAGATATGTACTTATCGTATGGAAAGCTAATCATCAACA	107	107	1.0
Pf3D7_03_v3-653961-654206-1A	CTCGTACAATATTTTTATAATTTCCTTTCATCTTATTTTTTTCTTTATATTTTTTTTTTTCATATGTAAGATTTATATAATCACTTTCGCTTTTTCTAACGCTTTTGAACTTTTTAAATGTACTTCCTTCATTATTTCTAATTCTCGTAAACACAAGAATAAATATTTTGATATATCTTATA	69	69	1.0
Pf3D7_03_v3-85507-85756-1A	TATCATTTAAATTCTCTTTTTCCACAGCTCCAGCATTTTTATTTATATCATCTACAACTACATCTTCCTTCACATAATTATTTATATAAAAACTATTATCATCTAAAGCATCTGAAAATTCTTCATTTAATACTTCTTCATCTTCTACATTAAATGTTTTCGTTCTTTCATCATCTAATAAA	27	27	1.0
Pf3D7_03_v3-855426-855697-1A	GTTATTTCAGTATGAGTTTCAACAGTTAATACTACTTCAGCATATGGATTGATACTTAACGTATGTACTCTCAATAATCTAGTATCAAATATATATGAAAATGTATACTCAGGAAAACATATAGTAGATAATCCATTATTATTCTCTATACATATTTTACTTATAGCTATATAATCGTAATTATCTTCTATTACTATTGGTTCTGTG	1	1	1.0
Pf3D7_03_v3-891553-891827-1A	CAAGAGCTAAGAAAACATATAGAATTATCATAAGGATGTTGATAATATAAATGTGTTTTTATTTGTGTATTTATGTCAGAATATTGTTCCTTTGATTTATCTTTAAAATAATCAATATTATTTATGTTGGTGGCTTTATTATTATTAAAATAATTTTGATTTGTTACATGATGACTAGGGGTATATTTGTATTTTACGTTTTTATTA	3	3	1.0
Pf3D7_03_v3-980765-980997-1B	TTTTTTTCAAATATATAATAGTGTGAAATATTTCATTTTTAATTTGAACTTCTATATTACCTGCTGTTGGATAATCATAATAAAATACGTAAGATTCTTTTGAGTTATTTATTTTCCAAATAATTTGGTTATATATATATGAAAATTCGATCATACCACATGCTCC	61	61	1.0
Pf3D7_03_v3-980853-981120-2	TAAGATTCTTTTGAGTTATTTATTTTCCAAATAATTTGGTTATATATATATGAAAATTCGATCATACCACATGCTCCAAGAATAATAGATGCATCGTCATTATATTGGAATGTAAAACTTTCATCATTCTCATTTGTATTAGGTACACAAGAATCATCTTTATTTTTATAATTTTCTTTACATGTACAATTAATTTTACTATATT	336	336	1.0
Pf3D7_03_v3-981574-981823-1B	TTTCATTTGGATTTGTACAAATATTTTCATATTCTTTTCTTTTACATTTATTTTTGGCTATACAATTAATACCATCTTCCATTTTATAATCATTAGCACATATACACACACCATTCTCTAGAACAAAACGTTCTGAACATTTACATGTTTGTTTTCCATTTTCGATAACACAAACTTTGTTTGATGGGC	146	146	1.0
Pf3D7_03_v3-981921-982191-1B	ATACTTTATTTCCATATTTTGAAATATAAGGATTATCACAAAAACAATCATAATTAAATCTGTTCCCATAGCATGTAGAATTGTTATGACATTTATTACATAAATTGGAGCAGCTGTAAGATACAAAAAGATATTGATCATTAATACAATAAGTATCAAAATGGTATATTAAACCAATATCACATTCTGATAAATCATTACAATATGATTTTAAAG	6	6	1.0
Pf3D7_03_v3-982299-982523-1B	CTAAACTGATTTGAATTGTGTGAGGATATTTCATTTTGTATTTCTAGCATGGATATATTGTTATGAGGATATTGGTTGGTTCGACTATTTCTTGAAATCAAATGGAATTTAGATTTATTAATATCTGGTAGAATACTTGAATTATATAATGATGGTAT	163	163	1.0
Pf3D7_04_v3-1005938-1006187-1A	GTCTTAACATTAATCTTAGTTACAAAGTTACATGGATTTATTGAAAAGATATTTTCGTCACTATATTTCTTTTTTTCCATATCCGTTTGATCATTTTTATATGTTTTCATATTATCCATATGTTCATTATTTTGATCAATATAATTTTTTTTTATAATAAATTTAGAATTATTTTTAAAGAAA	41	41	1.0
Pf3D7_04_v3-1037644-1037891-1A	GAAAGAGATTTAACAGATGATGCTGTGATTTTTGCACACTCACTTTATTTACCATTTGAAAAAGAAGAAATGTGGTGGATCGTTATCGGAATTAAAAAAATGAACTTACTTTTATCTATCAAAAAATTATCTTTATTGAAAAGTGTCAATAATATAAAAATTAATTTCGAATTGCCTGACA	18	18	1.0
Pf3D7_04_v3-1077327-1077562-1B	TTTTTTAACAATGAAAATTCTATATTAATAAAACCAGAAAAATATGGTAATACAACTGCAGGTTGTTATGGAGGAACGTTTGTAAAAATAGATGAGAACAGTACGTTATTTATTTATTCTTCTTCTCAAGGGATATATAATATTCATACTATATACTATGCTAACTATGAGTAGA	156	156	1.0
Pf3D7_04_v3-1083095-1083331-1B	TTCGGTTTCATCATCTGTCTCTTCAGATTTATCATCGATTTCTTCAGATATATCATATCTATAGGAATCATCATTCTTATTATTTATATCATAAGGATGCTCTAATTTTTTTATAGTTGCAATTAAATCATTCTTTATATCATTACATTTACTTTTCACTTTGTCATATG	85	85	1.0
Pf3D7_04_v3-1083299-1083563-2	ATATACTTTCCATATGTAGAGTACTTATGATATATAGAATTATAAGATAAATGTTTATAATAATCTAAAAAAGTATAATGAGGTATTATAACAAAATCCAAATGTCCTTCTTTTTCTTGTAAAATATCAATAGAATTTGCAATGTTATAATTTGATAACTCTTTAAAATGATATTGTAAAAAATTAACATTTTTATA	260	260	1.0
Pf3D7_04_v3-1083411-1083668-1B	TTTTCTTGTAAAATATCAATAGAATTTGCAATGTTATAATTTGATAACTCTTTAAAATGATATTGTAAAAAATTAACATTTTTATAATCCACATTTTTATAGTCTTCATTATTTTTCACATCATTTTTTTCATTTAATAACATGCCATCATTTATTTGATTAAATACAGAATATTTTTTTATAAAAGAATT	15	15	1.0
Pf3D7_04_v3-109939-110184-1A	CAACATCTGAATTATATAAATCTTTAGAAAAACAACTAATATCCTTACTCCATATATTTATTTTTATACCAAGAATAACAGCCATATAAACCAAAACTCTCTCAAATGCATGTGATACAGGTAAATAAGAAAAATGGGTTTTCGGTTTCATGTTTTTTATTACATTATGATCACATAATGGTGCTACT	40	40	1.0
Pf3D7_04_v3-1113397-1113639-1A	GATTCTGCATGCAGTAATGAATCTATTGAAATCATCTAAGAATAAACTTTTTTGTTTAAACCATTTATTGAACATTTCACTTAAATGTGATTCAATTTTTTTTTCTGAGCTTTCCATAATTTGATTACATCTATTCAATTTGTTTGTATAATTATTAGGTCTTATTATTCTTTTACGTTTTAAATCATC	145	145	1.0
Pf3D7_04_v3-115455-115684-1A	TATTAATGTCATTTTGTTTTTCTTTATTATTATTATTTTTATTTTTTCCCTGGTTATCTTCCTTATTACCTAGCTTTTTTTTGTTGTCATTATTTTCTGTCTGATTATTATTTTTGACTTTGTTCATCTTTGAATTATCCGTTCTGTTTGTATGTCTCAAGCAAGGT	459	459	1.0
Pf3D7_04_v3-133581-133830-1A	CTCTCGATTATCATTACCTTCTTCAGTCTTTACAATTGTAGGAGGTGTTTTAACATGATCATCCCCTCCATGAGGAGTAACCCTTAAAGGTTCTTCTTGAATATTTGGTGTCGCTTCGCCTGTTTCTGTAGAAGGGATATTTATTCTATCAACATATTCATCACCTTCTTCAACTGTACTATTTAAA	31	31	1.0
Pf3D7_04_v3-133928-134154-1A	TTTTGAAATATCTAATTTATTCATTTGCCTTTTTATTTCATAGTCCCAACTACTTACCCAGGTATTAAAATTAATACAATCCTGTTCTGCATATTTTATGGCTTTTAAATCCCTCAATTTAGTAGCCCTATCTTCACAATAATCTTCTAATATTTTAAT	195	195	1.0
Pf3D7_04_v3-140317-140548-1A	TCGGGACAATATTATAAGGATTTTATCACATCAAGGAAAAATATTTATAATATAAGGGAAAATATATCCAAAAATGTAGATATGATAAAAAATGAAGAAAAGAAGAAAATACAGAATTGTGTAGATAAATATAATTCTATAAAACAATATGTAAAAATGTTTAAA	251	251	1.0
Pf3D7_04_v3-141741-141990-1A	TGAATACCATATAGCCCTTTCAAATTATATAAAGACAGAACTAAGAAATATAAACCTGCAAGAAATAAAAAACAATATAATAAAAATATTTAAAGAATTCGAATCTGCACACAAAGAAATTAAAAAAGAATCAAAACAAATTAATAAAGAATTTACCAAAATGGATGTCGTCATAAATCAATTAAGAGATATAG	76	76	1.0
Pf3D7_04_v3-284121-284364-1A	ATATTGTATATTATCATAAGATTTATATGGAGGACCACATTGAAATCCGACAATTTCATTTGATGCATGTAGTACACATTCCGTATTTCTGTTTGAATTATTTAAAATAATTTTATTACTTAGAAATGATTCTTTTTCACTATAATCTTTATATAACAAAGGGTCTTCATCAATTTGA	91	91	1.0
Pf3D7_04_v3-316593-316858-1A	TTATTCATTTTTTGTATATTATCCTTTTCTACATCATCAAAATTTGTTAATGATTCACACGTTATATTTGGTGATATTATATTTCTACCTGTACATACACCAATATTTGTTGTACCTATTATTTTATACCCTTCTTGACATTTAAATTCTATTTTTTCACCAAGTAAATAATATTTTTTATCAGGGATAAGGGAAACATA	7	7	1.0
Pf3D7_04_v3-544454-544718-1A	ACAAAATATAATACTTTATATACAAATGCTTATAAAAAATTTTAACGCGGACGTACTTCAAAATAATATAAATGAAGAAGAAGTAATACATAATAACATCAACATTAATAATATAAAAGAAGAACAAATTATACCAAATAATATCAAGAATATCCATAATAATGACAATATTAATCATTGTGATGATAATAAAATAA	1	1	1.0
Pf3D7_04_v3-648065-648332-1A	TATAACTTCTGATTCAGTTTTGTTAAGATATATACCAAGAGATCTTAACAAATATAATAATTTTTCACCACTAACTCCATCTTTAGTAGTATCGTATTCTTTAAATATTGATTCAATCTCAGCTCTCTTAAAGAAAACAAATATATATACATATATATATGTATTTATATGAATTTGTATCAATAAATAATAACATTCTTA	2	2	1.0
Pf3D7_04_v3-748105-748359-1B	TGTGTATGTTGTAAGGTTGAAAGCAAAAATGAGGGGAAAAAAAATGAGGTTTTTAATAACTACACATTTAGAGGTCTAGGAAATAAAGGAGTATTACCATGGAAATGTAATTCCCTAGATATGAAATATTTTTGTGCAGTTACAACATATGTGAATGAATCAAAATATGAAAAATTGAAATATAAGAGATGTAAAT	37	37	1.0
Pf3D7_04_v3-748374-748611-1B	AACCTGGGAAAGCATTCCAAAAAAATTTAAACCTTTAAGCAATAGGATAAATGTTATATTGTCTAGAACCTTAAAAAAAGAAGATTTTGATGAAGATGTTTATATCATTAACAAAGTTGAAGATCTAATAGTTTTACTTGGGAAATTAAATTACTATAAATGTTTTATTATAG	137	137	1.0
Pf3D7_04_v3-748585-748822-2	TTAATAAAAAAAATATATTTTACTAGAATAAATAGTACATATGAATGTGATGTATTTTTTCCAGAAATAAATGAAAATGAGTATCAAATTATTTCTGTTAGCGATGTATATACTAGTAACAATACAACATTGGATTTTATCATTTATAAGAAAACGAATAATAAAATGTT	704	704	1.0
Pf3D7_04_v3-900526-900759-1A	TTAACAACTTATCATCATTTATTAGATTCTTTTCATGGAACAGATTATTAACAGTATCCATAATTTTATGATCATCCGTGTTATATGTATCTATACAAGTATTTAGCTTGCTTATATAATTTACATATTTCAACGGATCATTTTGAAGTATGCAATCATCGAATGAATA	172	172	1.0
Pf3D7_05_v3-1188456-1188706-1A	CAAAATTTAAATCAATAGTGGTTACGTTCATAATTTTGCCTTCAAAACTAACCTCTGTATGATATATAAATTTATTTTCCTTTACACTAAATACATATATAAAAATGGTACTTAATAATTTATCTTTATCATATTTAAATAATATTAAATCTGTTTTTACATCTGAGTTATAATCACCGAAAT	44	44	1.0
Pf3D7_05_v3-1322099-1322341-1A	TTCCAATAGAAACTATATTACGATTTTCTTCATGAGGTAAATTGACATTCATCTTATATGTATAATTAAGGATGAGTAATAAATTGTATAGAAATATTTTTATTTAATAATTTATATGTATTATTAATAATTCTGAATTTATCAATTGATATATTATTTTTTTTTTTCTTTATGCCATTC	21	21	1.0
Pf3D7_05_v3-213027-213251-1A	ATGTACTTATCCCCTGATATGATTTCTCCAATATCATCAAAATCAGTAATCTCTAAATCATTTATATGATTTATATGTATAAATTCTTTTATCTTGTTCAAATAATTTCTGTAATAAAATATATTCTCTTTATCATCATCAATTATTTTCATATAATC	186	186	1.0
Pf3D7_05_v3-350808-351052-1A	TAATATAATTTGAGTTGATAATATTATAATTATTTTTTATATGTTGCTCATTTATATTATTATGATAAATATGAGTTGTATTTTTATTAGAATTGTAGGACATTTTCCCATACATGAGTTGTTTTACATTTTTAACATTTTTATAATTATGTATTAAACATAAAATTATTAGATAAA	27	27	1.0
Pf3D7_05_v3-369676-369949-1A	TGTAATATTATATATCCTGTTATAAATAAATCACTGGATATGGATGTGAAAAAAGAAGATATAAAAAAAAATGTAGAAGAAAATAAATATATAGAACATACACAGAATTTGAAAAATTATTTAGAAAATGATGAAAATGAGAAAAAAAAAAGAAGAAAAAGATCAAATAATAATGACAATTATAATTCTCATGATAATAATATTTTTCA	5	5	1.0
Pf3D7_05_v3-395887-396136-1A	TCTAAGGATTGTTGGTTTTTTAGGATGCTCATCTTTTTAAGATAAACCTCTTTACTGTCGTTATTATTTAAATCGTTTTGTATAATATTATATTGTGAATTCCTTGTGTTTTTCATAACACTATTAGTCCTATTGGTGTTCTTCTTATTATTATTATTATTGTTCTTCTTCTTAATAAA	59	59	1.0
Pf3D7_05_v3-550803-551072-1A	ATATACACCTTTCTTATTTATATTAATCTTTTCATTTTTACAAGAAATCACCTCCCTACTTATTCGGTTGTCCTCATTTTCATATTTCATAACACCATCATTTATTTTTTCTATTTCTTTAATATTATTTTCTCCTTCGACGTAATTATGCTTTCCTATCATCTCCTTTGCTCTACTTCCTATATATACTAATTTCTCTCTGAA	13	13	1.0
Pf3D7_05_v3-641131-641404-1A	GGAATTTTTTTTTTGGTGTTTTATTTTTTCGAAGGATACAGGATAATCTAAGACATTAAAATTATTGGGTTTGAAAAAGAGTTTCCTTTTTATGATGGGCAATAGAGGTATATTTATATAGGAAATATAAACATATAAAAGGAATATGATAAAAAGGAAATATTGACTTAATAAAATATTAATATTTCTTTTTTTAAAATATATTTCGT	1	1	1.0
Pf3D7_05_v3-668763-669004-1A	TAATATTATCTGGCTCTGTAACCATGTCCGAACATATGTTAACAGGAGAATCTGTTCCTATACATAAAGAGCGGTTACCTTTTGAAGGAAATGCTATTATAAATAAAAATAATAAATATGACAGTAACGATGAAAAGGATGATTACCTTCGTATTTATAATAATCATGCTAGTATTAATATGATCAACCG	89	89	1.0
Pf3D7_05_v3-796518-796759-1A	TGGTTCTTCAATTGTTCATATAAGTTCTTTATTAGTAGGTGTATATTTATGTAGTAGTAGTGCAAATGCATTTAATCAAATTATTGAAAGAAATATAGATAAGTTAATGAAAAGAACCCAAAAAAGACCCTTAGCAAATAATAATCCAAATATGTCAGTTAAGCATGCTGAAATAT	48	48	1.0
Pf3D7_05_v3-958079-958350-1B	TTTTTATATCTGTGTTTGGTGTAATATTAAAGAACATGTATTTAGGTGATGATATTAATCCTATAATATTATCATTAGTATCTATAGGTTTAGTACAATTTATATTATCAATGATATCAAGTTATTGTATGGATGTAATTACATCAAAAATATTAAAAACTTTAAAGCTTGAATATTTAAGAAGTGTTTTTTATCAAGATGGACAATTTC	3	3	1.0
Pf3D7_05_v3-958372-958608-1B	ATTTATAACAATTTTTACATATGCCAGTTCCTTTTTAGGTTTATATATTTGGTCATTAATAAAAAATGCACGTTTGACTTTATGTATTACTTGCGTTTTTCCGTTAATTTATGTTTGTGGTGTCATATGTAATAAGAAAGTAAAATTAAATAAAAAAACATCTTTGTTATATAATAACAATACC	129	129	1.0
Pf3D7_05_v3-958920-959168-1B	AATAATAAATCGAAAACCATTAGTTGAAAATAATGATGATGGAGAAACATTACCAAATATTAAAAAAATTGAATTTAAAAATGTAAGATTTCATTATGATACTAGAAAAGATGTTGAAATTTATAAAGATTTAAGTTTTACTCTAAAAGAAGGGAAAACATATGCATTTGTGGGAGAATCA	166	166	1.0
Pf3D7_05_v3-960810-961048-1B	AATACAGGAAGCATTTTATAATATGCATACTGTTATTAATTATGGTTTAGAAGATTATTTCTGTAATTTGATAGAAAAAGCTATTGATTATAAAAATAAAGGACAAAAAAGAAGAATTATTGTAAATGCAGCTTTATGGGGATTCAGTCAAAGCGCTCAATTATTTATTAATAGTTT	8	8	1.0
Pf3D7_05_v3-961511-961758-1B	CTGCAGAAGATTATACTGTATTTAATAATAATGGAGAAATATTATTAGATGATATTAATATATGTGATTATAACTTAAGAGATCTTAGAAACTTATTTTCAATAGTTAGTCAAGAACCCATGTTATTTAATATGTCCATATATGAAAATATCAAATTTGGAAGAGAAGATGCAACATTGGAAGAT	97	97	1.0
Pf3D7_06_v3-1115900-1116168-1A	ATTTTTTAATAAAGCAGTACCATCTATATCTCTTCCTTTTTTTAAAACACATAAAGTTTCATCAAAATTGCTTGTGCTATTTTTATCAGGTTCAGGAAAATATTGTTTATTTGGAGAATATCCATTCTGATTACAAGTTATAATATTATTAATATTTATAAATTTTTTGTTTGTTTTTAAATCACCAAATTGATTATCGTTAT	5	5	1.0
Pf3D7_06_v3-1128558-1128797-1A	ATTGAATCGTTGGTGTTTATTTTATTATTCCTCTTTTGTTTTTCAATGAATACAAATGTTTCATCGACACTATCTTTATGATCTATTGGTATGGCATGATTTTCTAAATTGCTATTTCTTTCATTAGAATTGTATTTTTCACTATTATAGGTTGAGGTTTTACTACATTTTATATTTTT	171	171	1.0
Pf3D7_06_v3-1135605-1135855-1A	TATAAAGAATTTATACCACCTAAATTGTTAACATTAGAAGTATTATTTGTTTCTGTATTTTCTTGTAACGTATTTGTATTATTAATATTGTTAGATGAAATATTATGACTATTTCTTCTATTTGTTATATTTAAATTGTAAATAGTTTCATTACTAACACTACTGATACCATTGAAATGATTATTTAG	22	22	1.0
Pf3D7_06_v3-1136091-1136364-1A	CATTATTTTTGTATCCAACGTCGTTATTATTAAAACTTATTATTTGATTAATAACTGACGAACCACATATATTTACACAATGGAATACATAACTTAAGAAAGAGTAGTAATTGCATTTTACTTTTTGCATTTTCCCTCTGGTGGAGAAATAATTATTATGCTGCTTATTACTTTTTGTATTATGATAATTTTTGGTAATCATTTTTTTT	6	6	1.0
Pf3D7_06_v3-1140900-1141174-1A	CTTCCATGTGAGCTTCAAAATCGTCTGAAGCTCGACTAGACATGAAAAATTCAGATTGAGGTAAATCATCAAATGGATGATTTCTATATGATATTCTAGGTATTAATCCTAAGATATTATTTATGCTATTACATTGAGAATTTCCTTCATTGGTTGTGGTACTTATATCCACATTTTGGTGATCATCAAGATATAATGTATTTTCTTTAGAACTT	3	3	1.0
Pf3D7_06_v3-1192628-1192867-1A	GATTATATATTTCTATATTTTAATAAGAAGGCGTTACACAAACATGATGCCTCTAATGAAATGTGTTTTGTGAAAAACGAAGATTCTACACGCACAAAAGGACATATGAATGATGAACAAAATGATTTATATAAAATAAATAATAATACAACATATTTTTTTAACAAAAACCACT	61	61	1.0
Pf3D7_06_v3-1197245-1197515-1A	CATTAGGAAAAACAACAGATCCTTCTTCCATACCATAAATACATAAATCATTTCCACTAATCTTTTCTAAATATTGCACAAAAGAATCAATATCATTATAAGATGACATCTTCTTTCTTATAAAATCTAATTGAGCTTTGGTAAATCGAAAACAATTAATATATTTTATTACTTCATATACACCAGCTAATATAGCAAATTGAC	5	5	1.0
Pf3D7_06_v3-1214815-1215069-1B	TATTTAATCTTCTATGTGTAGGTTGATTGAATTGTCCAGTAATAAAACATGCATTTGGTTGTTGAGAGAAGGAAAATAACAATATATTGAAGCATTTGAAAAAGTGTTTATCCATTTTAAATAAATTTACTTCTTTATTAATTAATAAGTTATTATATGATTTGGTTTGTAGTCCTATAGTTAATACAG	38	38	1.0
Pf3D7_06_v3-1215236-1215502-1B	GTTTTATAATATTTATTTCCTATCTTTTTTAATAAATTACCATAAACAAATGTATTATGTTCTAATGACGAGGTACATAATATATTTGTAGTTACATATGATTCGAAAGCATTCAATATTATTAATATAATACTAAGTATAATACCTAATTTAGAAAAAACATAAGGTATTGATAAAAAACCTACACCAATAGCTGTACATATAAAAAGT	4	4	1.0
Pf3D7_06_v3-1215495-1215756-1B	AAATGTTCTACCCTTCCAATTTCTTTTTGGTTTGTTTGTTCCTTCTTCATCATTAGTATAATCCCCATCAGATATATCTACAATGGTATTATTATTATTATTATTGCTACTATTTTTTTTGCTATCTTTTTTTTTCTTTTTTTTATCATTGGAACCTTTAGTAATCAAATTGTTCGATTTTTTGTCATTTACATTTGTATATGTTTCTGT	27	27	1.0
Pf3D7_06_v3-1235395-1235658-1A	GAATATGATAAAATATATATACCAAACAATAAAAATAAAATTAATAATATAAATAATTTTTTAATAAAAAACAATTTGCTGTTGAAATCCAAATTTATGAGAATAACTCCTAATACCTATTTATGTCGTAATTGTGTCCTGTTATATCAAAATGATTTTTCGTATAATACATATGAAGAAGAAATTAATAAAATGG	2	2	1.0
Pf3D7_06_v3-1282656-1282930-1A	AAGATATGGAAGAAATATGATAAAGAAAACAATAAATATATATTGTCTCATTTTATTCCCCAATTTATTGAAGACTTAAATTTGAAGGATGAATTCCGAAATTTATTTGATGGATTTGTAAATGATTTGGATATTCTATTATATTCAGAATTTAAAGCATTTTATTTACAAATGAAGCAAAAAGATATAAATGAACTGAAAAATTCTGA	1	1	1.0
Pf3D7_06_v3-145285-145531-1A	TCAACAAAAGCTGATGAATCATCATAATTTGAATAAAATTTATCATTCACAATATTATATTTTTGTTTCTTCTTTTTTCCCATAATATTATTATTTTGTTCACAATATATGTTCATGTGTCCCCTCTTTTTCTGTAAAATATTAAAATGTTTCTTAGTATGCTTCTCTTCATTTTTAATAACA	132	132	1.0
Pf3D7_06_v3-176108-176338-1A	ATTATTATTATTATTATTATGATGATGATGATGATGATCTGTGTTAAGATCATCTTCTATACCATTAGTTAAACATTTTATATTTTTATTCATATAAACATTAATCTTCACAACAGATTTATCAGATCTAGAAAATCTTGTACCTGTTGCTTTATGTAACAATAT	113	113	1.0
Pf3D7_06_v3-416462-416720-1A	AAGAAAAAATGGACATTGTGGAGAATATAAAAAATAGAGGAAAGGAAAAAACAGAATTAACATATAAAGAAGTATATAAAACACAACAGAATCAAAATGATGCAAGTTTAAATTCATTTTGGGGTGATGAAAAAAAAAATAATAATTATGATATAGATATAGTAAAAGAGAAATATAGTGAGTTAATGAAAAAAAAAGAA	19	19	1.0
Pf3D7_06_v3-532166-532407-1A	AGAACAATTGCTAAACACCAAATTGGGTGAAACAAAAAACCACCTGAACAGAACTCCATTTATACCTGAATCGGTCATACGAGAAAGGAAATTACGCCAAGAAAAAGCTCAATCCACAAACAACATGTTCGATTCAACAAACGCAGATAGTATTACTTCCCCATGTGATCCAACGAATGCCACG	437	437	1.0
Pf3D7_06_v3-851492-851765-1A	ACAATAGTACATTCTGCATTCACATCACAACCTCCATTATTTTTTGAACAGTTCATATCTTTCATAGGTATACATTTAAAATAATTTACACTCATATCAACTATATAATTAGGTCGGCATCTACATTGTTCTTTATCTTTTTCGACAATATAACAACGTGAATTGGGTCCACATTTGGAATATTCACAAATATAATTTACTTTAAATATAACAAAATTTTTCA	2	2	1.0
Pf3D7_07_v3-1028330-1028603-1A	TAAAGAATATTTTTATTTCTAATATTATGGCTAAAAGGAAAATTATTTAATTTCATTTTTTGTGGGTTACTTGTATCATTACAACTCATCATCATGACAATATTATTATTATTATTATTGTTGTTGTTGTTGTTGTGGTGGTTCATTACCAATAAATTTGTGTTATTATGTTCATCCTTTTTTATATTAACAATTTCATTTCTATAA	2	2	1.0
Pf3D7_07_v3-1043981-1044225-1A	ATAATGATATGTTATTTCATCATCAGCATCGACTTCTTTCTTATTATGTTCAAACAAATTCTTATATTTTATATTATTGCATTTTTGTCTTTCCATATTTATAAAAGATTCTATTTTCTTTTTATAATCATTCCTTTTTATATAATTACACATTCCTTCATTTTGGTTGTCATAACTCTTCT	116	116	1.0
Pf3D7_07_v3-105172-105442-1A	GACTACTAACAGAGTGACTACCTACGCTATGTTGAGATGAATTCCTTCCATCTGAATTACTTCCAGATAGGTGATTTTTTGTACTTCCATCTGAATTGTTTTCATATAATTGACTTTCCTTTTGTCCATCTAAATTATGCACTGCACTATGAGTTCCTTCACCCAAATTATTACTGTTTGTTGTATCATCATTTAAATCAAATCCATTTCTT	3	3	1.0
Pf3D7_07_v3-1066661-1066903-1A	TATGGTTTTGTAATTTATTGGTATGTGTTGTTAAAGGAGAATTTTTTTAATATCCCTTGTCATGGGCAAAATGAGAAAAAAGAAATAAAAAACTTTTATGTTCAACATGAAGATATTTGTGAACACACTATTGGTAATCATATGTTAGGTGATAAATTAAAAATGTGTACATCTAATATTAATG	93	93	1.0
Pf3D7_07_v3-1149367-1149613-1A	TATTTGACTAGTCGAATAATATTTAATATTTTTGTTTAGGAAGTTTTCAAAATTGATGACATTGATAACCGTTTTTATTAAATCGCTTGGGTTGTTTGTGTGTTCCATTGTAGAAGACATAATTTTAAGAATGTGTTTTTGTGTTATTAAACAAAACTTTGTTACTATATGGAATCGTATGTTAT	110	110	1.0
Pf3D7_07_v3-403479-403716-1B	TTAGGTGGAGGTTCTTGTCTTGGTAAATGTGCTCATGTGTTTAAACTTATTTTTAAAGAGATTAAGGATAATATTTTTATTTATATTTTAAGTATTATTTATTTAAGTGTATGTGTAATTGAAACAATTTTTGCTAAAAGAACTTTAAACAAAATTGGTAACTATAGTTTTGTAACATCCGA	70	70	1.0
Pf3D7_07_v3-403487-403750-2	AGGTTCTTGTCTTGGTAAATGTGCTCATGTGTTTAAACTTATTTTTAAAGAGATTAAGGATAATATTTTTATTTATATTTTAAGTATTATTTATTTAAGTGTATGTGTAATTGAAACAATTTTTGCTAAAAGAACTTTAAACAAAATTGGTAACTATAGTTTTGTAACATCCGAAACTCACAACTTTATTTGTATGATTATGTTCTTT	452	452	1.0
Pf3D7_07_v3-403801-404052-1B	TATATATATATATATATATATATATATATGTATGTATGTTGATTAATTTGTTTATATATTTATATTTATTTCTTATGACCTTTTTAGGAACGACACCGAAGCTTTAATTTACAATTTTTTGCTATATCCATGTTAGATGCCTGTTCAGTCATTTTGGCCTTCATAGGTCT	17	17	1.0
Pf3D7_07_v3-405517-405773-2	TTTTCTACCATGACATATACTATTGTTAGTTGTATACAAGGTCCAGCAATAGCAATTGCTTATTACTTTAAATTCTTAGCCGTAAGAATTAAAAAGATATAAATATATAAATATATATGTGAAATATATGATATATATGATATATATTTTTTATATGTAATGTTTTTTTTTTTTTTCACAATATACATTTAA	570	570	1.0
Pf3D7_07_v3-432832-433091-1A	TTGAAAAAGTCATCATCAGAATGGGGATGATTATTATTGTTATTATGAGTTTGGTTCGTATTAATATTATGCTCCTTTTCGTTATTTAATTTATGTTCATTTATATTTTTATAAATAAATAATTTTCCAAGAAGTATACCATTAATAAACTTACTAGTTAACATATTAGACTGCTCAATATTTGTACATTTTTTTAATGTATGTATT	19	19	1.0
Pf3D7_07_v3-475313-475545-1A	AGCTTTATTATCTACAAAAAATCCACGTGGATATATGAAACAAATGAAATTGTATTTTATATTCCAAATTAAAGAAATTGCATTAAGAAAACATGGCTCTTTACTTACAGTCAAAAATTTATATGATAATAAACTTTTAAATATAAATTCATCATCTTCTACAAATA	126	126	1.0
Pf3D7_07_v3-717260-717493-1A	GAGCTTGCTTTTTTGTTGCGTTACTTGCTGGGCTGATCAAAAAAAAAGTTGAATGTATTGAACTTAGTGCCAGCGAAATTTCCCCTCATGAAAACAAATCGACGAGTTCATCAATATTCCAAGAGGAATTAAAATTTGATGAGTCTCTGAAAAATTTTTTCAAACAA	129	129	1.0
Pf3D7_07_v3-729480-729750-1A	TGAATGTTCAGAAATTTTATATCACTTAAATCGTTTGAGTGAGTTAGATCAAATATTGTTGAAAGATAAAATAAGTATATATGAGTATCAGCTAAAGGACACGTTTTTAACAACGTATGATATAGGTTGTTTATTAAAAATAGCTCAAGTGTTGAATGAACAAAATTATTATGATAACATTCCATTTTTGCATATATTTTTATATAACATACATAA	2	2	1.0
Pf3D7_07_v3-896613-896849-1B	ACAATGAAAAAATGTATTAATGATGAATTATATAAAATAAAAATAAATGTAGGTTTATATAAAAAGGATAGAAAAAAATTATCCTTTTTTATATTGTTGCATAAATTTTATTTAGATAATTATAATATTGTTATTAATAAATTAAAAAATATGAATAATTTAATAGAAA	41	41	1.0
Pf3D7_08_v3-102277-102527-1A	TACCTTCATCTATTGAATTAATTTTCTCAAGTAACATATTTTTGTCTTGACTACTTTCATCTGTAAATGGAACGAATACTCTTTGCTTACCTGCAAAAAGGACAACTGACATATGAGCCTTATCCTTACTTACATTCGAATTAAGGACCATAGATTCTAAAAATGGTATAGTTCCTTTTAACCAATAATC	55	55	1.0
Pf3D7_08_v3-1056678-1056903-1A	GTGTTAACGATAATTATAATGCAATAAGCACAACTAATTTTTCAGATGACATGGATGAATTGATAAAGAATCTTTCTATTATGGGTTTGTGTAAAGAGAAAATAGTGTTAACAGAAAAGGCAACACTATTTAATAACATTGAATTGTTGTATTCATATTATCTTATAGTTCAGA	273	273	1.0
Pf3D7_08_v3-1099719-1099977-1A	AAAAAATAAAAAATCAAACAAGATAAATAATAATGTATATAATACTAGTGGTATAAAAAATAATGATCAAAATATGGATAATATGAATCAAAAAGGAAAAAGTAACAAAAATTCAAATAAATATAATTTTGATGAAGAGGATTTATGGTTTTTATGTGATTTATGTAATAATCCTATAAGTCCGTTATGTTA	9	9	1.0
Pf3D7_08_v3-1176313-1176549-1A	TACATCCAATGAATATTTTACACTTAAAAGAAATAAACAAATTATTCATAATAAAATACATATACTCTCTATGCAAAAAAATAAACAAAATACAAACGAGCTAAACAAATCATGTAATATTAACGCCATCATATTTAATATTAATTCTGATGATTTTGAGGTAGGCGATGAAATTGT	173	173	1.0
Pf3D7_08_v3-1313088-1313338-1A	TGAGAGACATAGATATATGATAGAAAAATGGAAAAAAGAAGATTGGTTTTGTGATTTAAAAGAAACGTTGAAAAATGAATTCGAAGAACAGATGGATATAGGAAAAGTATCTTTTTTATATGAAAATAATAGAGAGTATGGAAAAAATTTTTATTTGGAAAAGCAAAAAATTATATGGAAAAGATGG	26	26	1.0
Pf3D7_08_v3-1314717-1314986-1A	ATAAAAAAGAAAAAATTATTGTCAAAAGTTTTCATAGATATATATATGATGGTATTAGAAGATTTTAAAGAAGAAGAATGTAAAAAAAATAAAGAAATATTTCTTGATACTTATATAGATGAACTAAAAAAAGATTCACAAAGTGAAAAAAATAAAAGCATGTTAAATATATTAGATGAAATAAAAAGTGATATTCATATAGGATATC	5	5	1.0
Pf3D7_08_v3-1344618-1344845-1A	TATCTTTTCCATATATAATAACGCATGAATTCTTTAAATATATCTTTTACTTTATCTGTAAGTTTCATGGAATCTATTATTTCATCTGCATATTTTATTTTTGCCTCGTTTATATATTTACCTGCTTTTAATTTACATAAACATTTTTCTATTAAGTTTTG	188	188	1.0
Pf3D7_08_v3-1365709-1365954-1B	ATTTTCATCTTGTAATGTGTTTTTAACATTATAGCAGTAATTTTCTAGGTTGTTTCTTGCTTCAATTCTATTTTTATTTTGTTCATCCTCTTCTTTATATTTTTCTGCATCATTTACCATACGATCGATATCATCTTTTGATAATCTTCCTTTATCATTTGTAATAGTAATTTGGTTTTGT	145	145	1.0
Pf3D7_08_v3-1365750-1365999-2	TTTCTAGGTTGTTTCTTGCTTCAATTCTATTTTTATTTTGTTCATCCTCTTCTTTATATTTTTCTGCATCATTTACCATACGATCGATATCATCTTTTGATAATCTTCCTTTATCATTTGTAATAGTAATTTGGTTTTGTTTACCAGTACCTTTATCTAATGCTGTTACATTTAGGATACCATT	1647	1647	1.0
Pf3D7_08_v3-1366575-1366822-2	TTTAGCTTTTTCACATTGTGTTCTTAATCTTCTTAATGATTTTGAATTTTTGGAAACATCTTTACCTCCATTTTTTTTTTTAAAATCTTGTACACAGAAGTTTACTAATTTATTATCAAAATCTTCTCCTCCTAAATGTGTATCTCCTGAGGTAGCTTTAACTTCAAAAATTCCATCTTCAATTGTTAATAAGG	965	965	1.0
Pf3D7_08_v3-1366626-1366856-1B	CTTTACCTCCATTTTTTTTTTTAAAATCTTGTACACAGAAGTTTACTAATTTATTATCAAAATCTTCTCCTCCTAAATGTGTATCTCCTGAGGTAGCTTTAACTTCAAAAATTCCATCTTCAATTGTTAATAAGGAAACATCAAATGTTCCTCCTCCTAAATC	128	128	1.0
Pf3D7_08_v3-1370603-1370853-1B	AAAAGTAATTAAAAAAAAAAAAAATGAAAATAAAAAAAAACATTACATATTTTTTTATGTATAAAATATTTTAAAGCACTGAGATTATTTATGTTATAAATTAATTGAATGTTTAAAAGATTATAAAATTTTATTTATGAAAATATATGAATATATATAATATAAGCAGGTATTAAATAACCAAATAATAT	6	6	1.0
Pf3D7_08_v3-1370814-1371045-2	TGTTGCAATATATTACTAAAAAATAGAATTATTATGTTATTTTGATCATATGGGAATACATTTAAATATTTATATTCTGATGAATATTCTTATAAAAAAAAAAGGGGGGGGGAAATAATACGTTCATGATTTATTTATATTTCAATATATTTTCTATTTTGCGA	88	94	0.9361702127659575
Pf3D7_08_v3-1370814-1371045-2	TGTTGCAATATATTACTAAAAAATAGAATTATTATGTTATTTTGATCATATGGGAATACATTTAAATATTTATATTCTGATGAATATTCTTATAAAAAAAAAGGGGGGGGGGAAATAATACGTTCATGATTTATTTATATTTCAATATATTTTCTATTTTGCGA	6	94	0.06382978723404255
Pf3D7_08_v3-1375205-1375450-2	ACAAAAGTACGGAGGCAAAAACGGCAGCGGATAATACTTTATTTTTTGAGAAGGAAACCATTTTTATTAAATAACTATATAAATAGAAAAAGAAATAATAACAAAAATGTATAAATATAATTGTATAATATATGATATATATAAAATATAGAATACTAATTTTTTGCATATACAAAAAA	414	414	1.0
Pf3D7_08_v3-1386786-1387035-2	TTGTCTCCTTTGTCGCAGCATGCCTTTCATTAGCTGCTATAGCTTGTGTTATCTTAACTTCATCATAAAAAAAATATACTTCGATAAAAGGTACATATACCATGCTGGTCAATGATATTAGCATGCGACATTCTAATATATCCATTATGAACAAGGTGAACAAGAATATTGGGATTATTGAAATTGT	762	762	1.0
Pf3D7_08_v3-1386795-1387043-1B	TCCTTTGTCGCAGCATGCCTTTCATTAGCTGCTATAGCTTGTGTTATCTTAACTTCATCATAAAAAAAATATACTTCGATAAAAGGTACATATACCATGCTGGTCAATGATATTAGCATGCGACATTCTAATATATCCATTATGAACAAGGTGAACAAGAATATTGGGATTATTGAAATTGTCTGCATTA	59	59	1.0
Pf3D7_08_v3-336421-336651-1A	TAACAACGAACCCATAAATTTACAGAAAAATTTAGATTTAATCATATGGCTAAAAAAGAATATAAAAGAAGGAGAAGCTTTAATTTCTGATATACCTACATCAAGTTTTTTAAGGTGTACTACAAATTATAAATTTGTATTGCATCCCCAATATGAAGATAGT	85	85	1.0
Pf3D7_08_v3-399693-399961-1A	CTTTTCTTCACCTTGGTTTATTACATTATTATTTTCATCATTGTGTTGAATGTCCTTATAAATATGTTCATTAATAATATCTTTGGAAGTATCTTCCATATTTTCTTCTTTATCAATTTTAAATACTTTTTCATAACTTTCATTTTCTTTTTTCTCCTTGGATGTTTCTAATTTATTCTCGTCATTTTTATCAAAATTATTTTTATAACTTTCA	11	11	1.0
Pf3D7_08_v3-412801-413062-1A	ATGAAGAAATATACGAATATATACTTATAAACGATATTTTTAATTTAAAAAAAGAAATAAAAAATTTCAATATATTAAATAAATATGATGTATTTGAATATATTATTATTATTTTAAAATTGTATGATAAAATATATCCTGATGCAAAGTACATCGAATGTGTACGAGAAACATCACAGAATGGTGATCCTTTA	3	3	1.0
Pf3D7_08_v3-476232-476475-1A	CAAACACATGATAACCAAAAGTGTAAGGAAAATTTTTCAAATTCATTTGTTAATGAAATATATGAAAAAGAAGAAAAAGAAACGCAAAAAATGAAAGAATATTTAGAACAACATGAAGAACATTTTTCAACGTTTAGAAATTCAATTTTATGTAAATTAAGAATAGCTGAAGAATT	84	84	1.0
Pf3D7_08_v3-549583-549807-1B	ACGTGCTGTTCAAAGAATGTTTGAAATGATAAATGAAGGTGCTAGTGTTATAGATATAGGTGGAGAATCCTCTGCTCCTTTTGTTATACCTAATCCAAAAATTAGTGAAAGAGATTTAGTAGTACCTGTATTACAATTATTTCAAAAAGAATGGAATGATATAAA	263	263	1.0
Pf3D7_08_v3-549960-550215-1B	GATAAACTAACAAATTATGATAATCTAGTTTATGATATAAAAAATTATTTAGAACAAAGATTAAATTTTCTTGTATTAAATGGAATACCTCGTTATAGGATACTATTTGATATTGGATTAGGATTTGCGAAGAAACATGATCAATCTATTAAACTCTTACAAAATATACATGTATATGATGAGTATCCACTT	15	15	1.0
Pf3D7_08_v3-550057-550318-2	ACTATTTGATATTGGATTAGGATTTGCGAAGAAACATGATCAATCTATTAAACTCTTACAAAATATACATGTATATGATGAGTATCCACTTTTTATTGGATATTCAAGAAAAAGATTTATTGCCCATTGCATGAATGATCAAAATGTTGTAATAAATACACAACAAAAATTACATGATGAACAACAAAATGAAAATAAAAATA	851	851	1.0
Pf3D7_08_v3-585331-585590-1A	TGAAAACTTTTCATGTACGGTTAATAAACAAAATAATTCTGAATTATATATAAGTAAAACTTCTTCTACATCTCTAAATTTATGCATTGTAGCTCTTTTAAGATAATAAGGCAAATATTTTACAATATATTTTTGTTTAAAAAAACCTTGATGACCAACATTAATATCTTCCATTTTGGAAAAGGTTCCACTTAACG	4	4	1.0
Pf3D7_08_v3-585703-585949-1A	AAACACATCATCAAAAGTTTCTGATATTGGCTTGTTTGATTCTTTATATTTAAAATCTTTATATAAATAAAATCTATCTTTCTTAAAATATGGATCTTTACGTAGTTCAATCGAATCCCTATCAGTTACAATATTTATATCTTTTAATGTTAAGTGGAAATTAGAATCAATAATAGCTA	54	54	1.0
Pf3D7_08_v3-585993-586266-1A	TGTAAATATAAATCATACGTATGACATGAATCATCATTTAATGCATTCTTAATTGTTAATGCTAATCTACTTACAATAATATAAGCAAAGTTTATATGAGAATGAATACCTTCTTTTCCTAAAAAGTTATAAAGACTAACAAATGGAGCATATATTATAAATTTATCATACTTTTTTTTGTGCATAACTTCATTTAATAAAATATTT	3	3	1.0
Pf3D7_09_v3-1015103-1015350-1A	ATTATTTAATTTTTCATCTTTTATATTTTTCAGATTTTTTATATGAAGATATAGGAATACAACTAAATTAACAGCTGAAAATAATCTTACTAACAAAAATAATTTGAGGAATTCTTCATCATATAAATCTTTTGGAATATTATTTGTGTATTCATAAATTTCTATTAAGGATATAATAGTTATGA	2	2	1.0
Pf3D7_09_v3-1406342-1406614-1A	TCTCAGATTATCATAGTGTTGTGGATGAAGATTTAATTAATTTTAATGATGATGTTACTTTAGAAACACAATCCATGATAGCACACGGAGGGTCTTTGTCAGAAATAGAAGAAACTGGATATTTATCTTCAGATGTTGATAGATTACTTTCATCAATCGAAACTACTCCAAGAGATGATGTTGTATATATACGAGGTGATATTGTATT	19	19	1.0
Pf3D7_09_v3-163813-164052-1A	GTAATAATAATAATAATAATGTATTTCTTTCATCAAGTGATCCAAATAAATTAAACACAACACCATCACCATTTGGTTTATCATCTATTGGAAATGTAAATACAAACAATAAATTAAATAGCTTTCCAGACTTTAGTCAAGCTAATAAAACATTTCTACAAAATGATAGCTTAT	59	59	1.0
Pf3D7_09_v3-164045-164311-1A	ATCAACTGGTGTTGCAAAACCATTAGTTACCAATTTTAATTCTCCATTTAGTGCTTTTGGTAAAACAAATACCAGTGATATATTTAAAACTAATACTACTGCATCAACTACAAATGCAACTGCAACTGCAACTCCTGCTCCCTTTGGATCAGCATTTGGAGCGCAAAAGAATAATGATAGCTTGTTTGGAAATAATGCATTCAAGCTTTCG	25	25	1.0
Pf3D7_09_v3-202854-203106-1A	AATATACAAAGAATGCATATGATAAAATATTCTTTGTCCTTTAAAATTTTTTGTTCTTGTACTTTGTTTTTTATAATCTATTAAATTCATATCTGATGAAATATCATATTTATATTCCCCTTTATGAGCATTTACAAAAGTTTCGCTATTTCTTTTATTAATATATGTATTTGAGCACATATTTTTAT	37	37	1.0
Pf3D7_09_v3-270915-271160-1A	CTTTGTATGTATTATCTGTTGTTTTATCTTCACCTTGATTTCCTGTACTTGTAGATTCAGTAGATGGACCTTCAGAACCTGATAATTCATCACTAGTAGATGCAGCACTTGTACTTTTAGATTGTTCTTTTAATGGTCCCATATATTTGTATAATTCTATTTCTAAATCTTGATCCTTGGTTTTTTCTTCTAA	157	157	1.0
Pf3D7_09_v3-595828-596094-1A	ATAATTTTTTCATCGTTCTTATACATTAATGATAAAGTCTTTTTGCAAAATTTTTTGAAGAGATCAGATTTGAGATAAAGACGTTTGGCTAATTTATACGAGAATTCGAGAGCATCTAATTTTATATTTAAACATTTTTTCGTATCCAATATATTATAATTTTGTTCATAAGTCTGTTCATTTATATTATTTAATACTTTT	7	7	1.0
Pf3D7_09_v3-82006-82236-1A	TTTATCATCTTTAGGCCATAACCAGAGTACAAGCAATCCAACTATAACAATTGTAATTAACATTATAAATACTGTAATACCATAAACACTACCAGAAGCGATCAGAAATGCACTAAAAGTATAAGAACATTCACTTGGAATAAGAGTAGCGATAAAACTAAAAATAGC	280	280	1.0
Pf3D7_10_v3-1386657-1386909-1A	CGATTTTGGTAGGGAACAGGTTAAATATATTGAAGACGTGGTTTGATAATCAGGTATTTCTTTAATTAAATATTCATGATATTGTTCGTTAGATACATAAATTAATTCATCCTCCACATTTTGCTGTTCTGTTATAATTTGTGAAGAAGCTTGGTTTGTTTTATTTGGTAATTGCTCTTTTATGA	56	56	1.0
Pf3D7_10_v3-1392371-1392620-1A	TGATGAAAATGATGATTCCCTTATTTCTAATTCTTTAGTACCCGAAACAAGTTACAATCAAGATTACTCTTTATACACTATTAATATTTTGAATGGACTTCCTGATAAAAAAAGTAATATGAAAAATATTGATTTAGAAAAATTTAAAGATACTTCAATACATACAAAGGAAGAGGGACCCATTGTA	33	33	1.0
Pf3D7_10_v3-1414337-1414596-1A	GACCTGAATGGAAAGGTCAATGTGATAAATTTGAAAAAGAAAAAAGTAAATATGAAGATACTAAAAGTAGAACTGCTGAAATATATTTAAAAGAAATATGTTCTGAATGTGATTGTAAATATAAAGATTTGGATAATACATTTAAAGAATTTAAAGATAACGTTACGCTTCTTAAAGCAGTAATTGATAACAAA	47	47	1.0
Pf3D7_10_v3-1414599-1414832-1A	ATCTAGATCAACGAGGGAATATAACAACATCTCAAGGAAATTCACACCGTGCAACTGTTGTGCAACAAGCTGATCAAACCAACAGATTAGATAATGTAAACTCTGTAACGCAAAGAGGAAATAATAACTACAACAATAATTTAGAGCGTGGATTGGGTTCTGGTGCT	153	153	1.0
Pf3D7_10_v3-992331-992603-1A	TCATTATATTTTTAAAAAAAAAAATTATGATATAAAATCTTCAATTAATAAAAGATCTATCCAGTTCTTTACAGACACTAATATAGATCATTATATAGCATATGAATATTATAAGGAGGACCGTACAGAATTTATATTAACTATTATGAATGAAAAAAATATTACTCATCAAGAAACTCAAAGTCTTGAAATGAAAAAGTTGAAAG	3	3	1.0
Pf3D7_11_v3-1006693-1006917-1A	GTGGGGGAGAGAATTTTACCTTGATACGCTCCCATGTTTTATCCTTTATACAATACACATAAGTGTCATTGGTAATATATGACCCTCTTTTACCTCCGTAAAGAAATAAACAATCTTCTTTTTTTTCAGTGGAGTAAATTAAATTTAATTTTGCAAAATAGCGTGG	142	142	1.0
Pf3D7_11_v3-1018781-1019053-1A	TTTTTGATTCATATCATTATCATAATTATATATATATTGATCTCTGTCTATATGGGGAGCAAAAAAATATAAAGGATGTTGTGTTAAGGCTAATAATAATTCTGTAGCTATACTACTACTTATGTTACTTATACCACATCTAGTGACTGTACATTTTTCATCTAATGTTCTATAGGATAAAGAATCTGAAGGACAATGCATATCAT	1	1	1.0
Pf3D7_11_v3-1127074-1127316-1A	AACATTTTAATAGTCCTAATTTCGAAAATATGATGAAAGGAGTTTTTGGAATTATTCAAAATCCTTTTGAAAATGGCCAACCCACTTTCCCATTCTTTAAAAATATTAATTCGATCTCTGGAATCGGTAATCTTGATATCCCCAAAAATTTTATGAATGATTTTTTGAATAATGGAAATGATCAAAACA	76	76	1.0
Pf3D7_11_v3-115913-116184-1A	ACCTCCCGATGTTATAAATATTATATTATCATCATCATTTGGAAGGAAATTCTCCTCTAATGTTTTTAATATTTCATCTATATTTTTAGGTCTCAATTTACTATTGAAAAATTTTGAATACTTCAAAAAATAATCATCATCTTTTACATTACATATATTATCATTATTTTCATTTTGTTTTAGTAGTTCATCTTTTTTATTATC	3	3	1.0
Pf3D7_11_v3-119432-119705-1A	CTCCTTTATATTCATCAAGAAATTTCATCCAAAAGTAATTATGTTTTTCTTGTTGATATTTTGCTTTATACAAACGAGCAAGATACTTATTATACGATTCATGCTCTTTAATTTTCTTTTCAAAAGTTTTGGTTATAATGTGTTGAAGTGATTGTAAAGTATTTTTCTTTAATTTTCTCCATATTAATCTACATGCGATTATAAGAA	3	3	1.0
Pf3D7_11_v3-1293919-1294168-1A	TCCATATCAAAAAAGTGATGTGTATCATCCAATCAACGAACATAGGGAACATCCAAAAGAATACGAATATCCATTACACCAGGAACATACATACCAACAAGAAGATTCAGGAGAAGACGAAAATACATTACAACACGCATATCCAATAGACCACGAAGGTGCTGAACCCGCACCACAAGAACAAAATTTAT	138	138	1.0
Pf3D7_11_v3-1294664-1294910-1A	AAAAGATAAATTATTTGAAAACTATACATATTTAAGTAAAAATGTAGTTGATAACTGGGAAGAAGTTTGCCCTAGAAAGAATTTAGAGAATGCAAAATTCGGATTATGGGTCGATGGAAATTGTGAAGATATACCACATGTAAATGAATTTTCAGCAAATGATCTTTTTGAATGTAATAAATTAGTTTTTGAATTG	117	117	1.0
Pf3D7_11_v3-1295103-1295335-1A	ACTACTGCTTTGTCCCATCCCATCGAAGTTGAACACAATTTTCCATGTTCATTATATAAAGATGAAATAAAGAAAGAAATCGAAAGAGAATCAAAACGAATTAAATTAAATGATAATGATGATGAAGGGAATAAAAAAATTATAGCTCCAAGAATTTTTATTTCAGATGATAAA	264	264	1.0
Pf3D7_11_v3-1295371-1295597-1A	AAGTAACATCAAATAATGAAGTTGTAGTTAAAGAAGAATATAAAGATGAATATGCAGATATTCCTGAACATAAACCAACTTATGATAACATGAAAATTATAATTGCATCATCAGCTGCTGTCGCTGTATTAGCAACTATTTTAATGGTTTATCTTTATAAAAGAA	280	280	1.0
Pf3D7_11_v3-1374917-1375148-1A	TTTTTAAATGAAAATCTCCAAAGCTTCTGGTTGGTTGTAATCTACCTTTAACATAACAATTATCATAATGATGTGATAAGAGATGAAAAGGTGTTTTACATAATTCATATGTATTATTATTATTAACAGTTTTATAATCTCGAGTACATATTTTACATACTAATATA	17	17	1.0
Pf3D7_11_v3-1375807-1376056-1A	TCGTTATGTACCCTAATAAATTTTTTTTCATTATTTGAATCTATATTATTTACATTAGTATTTTGAGTTGTACCATAAATTTCAGTGTTATTATTATTTCTATTCATATAATTATGTCCGCTTATATAATTATGACCATTAAAAAAACGTCTTCCATGTATATCATCTCTTCTAATGTATTTA	12	12	1.0
Pf3D7_11_v3-1376058-1376305-1A	TTTCTGGCTCGATATAATCCATTTCAATATTTATATTAGATATGAAACATCTATCTTCAATAGGTGAATTTGCTGCAAATTGAGCCATAGAAAAATGATTCTCATTCCTTTGAAAATATGAACTATTCAACTCATCAAGGTTTTCATATGTTATTTCATAACTGCCATCATCTGAATCCTCTTCATCA	73	73	1.0
Pf3D7_11_v3-1816152-1816378-1A	TTGGGTAGATATCGTTATAAGGGCTATAATGTATTGACTTCTCCGGGTTGGTTACATTATCATTACAACCAATATTATTAAGGTTAATATTATTTTTATCATTATTATTGTTGTTTTCATTTGTGTGGTTATATAATAACAATGATGTGTCGTCTATTGGATCATT	193	193	1.0
Pf3D7_11_v3-1902034-1902278-1B	CTGATTATGAAACAAAATGTCCACCTAGATACCCTTTAAAATCAAAAGTTTTTGGAACCTTTGACCAAAAAACAGGAAAATGTAAAAGTCTCATGGACAAAGCATATGAAGTTGGAATTAATAAATTTTCAGTCTGTTTAGAATATTTATTTTTAGTATCACCTAAGGATTTATATAATAGCGGAAGAAAT	46	46	1.0
Pf3D7_11_v3-1902041-1902278-2	ATGAAACAAAATGTCCACCTAGATACCCTTTAAAATCAAAAGTTTTTGGAACCTTTGACCAAAAAACAGGAAAATGTAAAAGTCTCATGGACAAAGCATATGAAGTTGGAATTAATAAATTTTCAGTCTGTTTAGAATATTTATTTTTAGTATCACCTAAGGATTTATATAATAGCGGAAG	1061	1061	1.0
Pf3D7_11_v3-1950431-1950680-2	AGATATATTTCAAGGAAAGGATATGTGGAATGATGGGAAATATGGTGAAGCGAAAAATCATATTAAGAATGCTTTTGGTGATATGAACAATAGAAAAACTATGTTAAATGAAATTGAGAAAGGAATTAAAGATGAAACGTTTAGTCGTGAAAATGGTTTAGACGTTTGTAAATCTCAATGTGAGGAAAG	1	1	1.0
Pf3D7_11_v3-1968031-1968273-1B	TTAAGGAAAAGGCAATAGATCATTACACTAGTCATGATTGGTTTAGATTATTACGCCAAGGGAATAAAGCTCAAAATTCCATTTCTCAGGAAGTAGACATATTAACGGAAAAGTATAAAAAATTAATTTCAGAGGAAGACAATAAAAAAGAAAATAACAATAATAATGATGATGAAG	1	1	1.0
Pf3D7_11_v3-1968050-1968296-2	TCATTACACTAGTCATGATTGGTTTAGATTATTACGCCAAGGGAATAAAGCTCAAAATTCCATTTCTCAGGAAGTAGACATATTAACGGAAAAGTATAAAAAATTAATTTCAGAGGAAGACAATAAAAAAGAAAATAACAATAATAATGATGATGAAGTAAAACCAGAACTAAAAGACAATATA	1	1	1.0
Pf3D7_11_v3-2001725-2001999-2	AGATGTAAGAACTAAGAATGTAAATACAAGTAAGAGAAATGAAGGACTTAATGATATAAATGAATCAGAAAAAACAAGAACAAGAAGGCCATCAACAAAATCAAATAATAATAATGTATCATACGAGAATGAATTAGAGAGTGTATCTGAATCGTTTGATAACTTTTTGGAGGATCATATGAAGGAAGGTGTTTTTTTAGATGGGGAAAA	1	1	1.0
Pf3D7_11_v3-408285-408534-1A	TACGAAGAAGGTTTAAAATATTGTGCGTCATCAATTAATTTATGGATATGTGCTATCGATTTACAAATAGAAAAAAAGAATTATACAGGTGCTAGAGCTTTGACGGAGAAAGCAAAAATCAAAATCAAGTATTTAAATTCTTTTAATAATAATAGTCATATTTTAAAAAGTAAAGAAATTATTGAA	52	52	1.0
Pf3D7_11_v3-408543-408771-1A	AGAGTGTTAATAATACTACAGCTAGTAATATTTCCAAATCCAAAAATGAACTTGAAAAAAAGTCATCAGTTAATAATAATGCTTATATTAAAATTATCGAAAATTATGATTTATTATGGTTAAAATTAATAGAAATTGAATTATGTTGTAATAATAAAAATTTAAATCCTATA	114	114	1.0
Pf3D7_11_v3-497277-497548-1A	TTTTAGATTTAATTGAATATTCATTTTTAAATTATACTAGTTCTAATTTAAATACAATAAATAATAATAATGACAAAAAAAAACAAAATCAAAAAAATAAAAATCGCAAATATAGTAAAAATAATATTTTAGATCTCTATGAACACGTAAGTACGATCAGTTTATTTTATCACACGTTTAATTTACCTAAGGAGTATAATGAAAAATTGTT	2	2	1.0
Pf3D7_12_v3-1959644-1959891-1A	ATGGGAAGACGATAAGAGAAGAGAAATTAATTTCTGAGGGAGCGTATTCATTTGTTTATATGGCGAAGGATTTAAACACGAATCGAGCTTATACTATAAAGAAGACCATATGTCAAGATAAAGAGAAAATAGATATGGCGAATAAAGAAATCAACATTCTTAAAAGTTTACCTCCACATAAAAATATA	60	60	1.0
Pf3D7_12_v3-2092529-2092798-1B	AGTTGAAGGGGGAGGAATGATCGGAGTTATCAGATTAGAAAATCAAGTGAGAAATCCCCCTGTAATAAAATTGAAGAGTCATACATCTCCCATCCTTGATTTGTCATTTAACCCGTGTTATAGTGAGATATTAGCTTCATGTTCAGAAGATATGTCTATAAGAATATGGGAGATACGTCATGAGGATGAGAATGTGAATGAGGTA	11	11	1.0
Pf3D7_12_v3-2092654-2092884-2	GAGATATTAGCTTCATGTTCAGAAGATATGTCTATAAGAATATGGGAGATACGTCATGAGGATGAGAATGTGAATGAGGTAAAGGATCCTTTATGTATATTAAATGGTCATAAGAAAAAAGTAAATATATTATCATGGAATCCTATGAATTATTTTATATTATCATCT	1150	1150	1.0
Pf3D7_12_v3-233418-233671-1A	CAAAAATATCATTCCCCAAATTTGTACTACTAATTGTTCCAATAGTTCCTATAGTTGTGGTAATTTGCTCATATGTATTTTTTCCTAAAGATTTATTAGACACATTTGAAGGATCATTATTTTGTTCCAAATTCTTGGGCACAGTATTATTACATGAGAATAATGAAAAGTTATTATCATAATTCTTTTGTT	51	51	1.0
Pf3D7_12_v3-529495-529767-1A	GCTCCCCAAAAGTTAACTGCTTCATTATTTTGTGGATCCCAAAAACTAACATTCGTTACCCATCCAACATAATCGGTAGATATCCTATATTCATAACTACTACAGAAATATTTATACTCATGGTATACATTTGCATCATTTACATCTACCAAATTAACAGTTTTACACAAATTGTGAATGCCATTCAAGTTATAAAAACCTGTACAT	11	11	1.0
Pf3D7_12_v3-63081-63314-1A	TTTCCGTCATAATAGTTGCATACATTCTATTAAAAACTTTGGGTACTCCTAATATAATTTCAGCTTTTGAATTACATATGTCTGTATTCAAAAATTTTATATCTCTACTCCATATATTTATCTTTACACCCAAAAACAAAGTAATGAAAAAAATAACCCTTTCATA	71	71	1.0
Pf3D7_12_v3-659881-660127-1A	GGTGGTTTAACATTTTCAGCTACGAGTTTTTCGACTGATGGCAATCCTACTTTGATTAATTCCTTAAACATAAGTTTTGCGTGTTTTTTTACTTCTGATTTGATATCAAAGCTTGATTCTAAAAAGGTTGGTGAATTTTTTTGTAAAACACTGACAAGTTCATTTGATATGGTCTCTGCTAAATCATCACCA	80	80	1.0
Pf3D7_12_v3-684011-684240-1A	ACCTAATGTTGGTAAGTCTACCATTTTTAATCGACTAACTCGAAAATATCAAGATGGTAGTATTGTTTTAGATGTTAGTAGTACGAGAGATAAACTTTATGGAGAAGTTGAGTGGGAAGGATATAAATTTGAACTTGTGGATACAGGAGGTTTAGTTTTTGA	176	176	1.0
Pf3D7_12_v3-857050-857323-1A	ATATAATTTTAAGATGTCCTATCAAGACGTTCAGGAAAAAAAAAATGAAGATATAAATTATGATGAAATAGCTAGCAGCATGCTAGAGAAGATGGACAAACATATAAATGGAGAAAAACAACCAACGATACATTATGAAAATTTAAATGTACAAGAGCAAGGGGGAGCACATGCTTATTACTCAAATCAAGATATAAATAACATAAATA	4	4	1.0
Pf3D7_13_v3-1004740-1005002-1A	TTACATCGTAAAAATAATTTAAAATATTATATATATTATCTTTTCCTTTTGGGGGGTCTCTTTTCTTTATATATATATTTACATTTCTCTTCATTTTATTACATGATAAATTAATATTTAATGTACTAATATATATATTATTAATTTTTATTTTCTTCTTCTTTTTTATATTAAAACAAAATGAAGATTCTTTAA	2	2	1.0
Pf3D7_13_v3-1041593-1041860-1AB	CAAGATTGAAGTATTACATATCTCAGAAATTAAATGTATGCCCAAGAGATGTAAATGCACACATTGTAGGTGCTCATGGAAATAAAATGGTTCTTTTAAAAAGATACATTACTGTAGGTGGTATCCCTTTACAAGAATTTATTAATAACAAGTTAATTTCTGATGCTGAATTAGAAGCTATATTTGATAGAACTGTTAATACT	33	33	1.0
Pf3D7_13_v3-1146764-1147010-1A	AAATTTTCTCCTAAAGTTATGCCTTTGTTAATGAAGGAGAAGAACGTGAAACATAAAGCACCTCCTAAAGGTACTATAAAGCATACGCTAGAATATTTAAAAAGAGCAGCAGAATCAAGAATGAAAGAAAATGAATTATACAAATCAAAAAAAGATAGCACACTTAGTTCAATTGCAATTAGAAAAAATTCC	149	149	1.0
Pf3D7_13_v3-1233093-1233332-1A	TCTATATGATCCTTATTTTTATCTTCATCACATTTATAATTTACATAATTTTCGACGTCATCATTTTCATTATTACTCATAATTGAATTATCCACAATGCTTGCCTCTTTTACAGCTTTACAAAGTTGGTAAAAAATATGATAATTCCTTTCACCTTCTTGTTGATCACACACCCGAACC	110	110	1.0
Pf3D7_13_v3-1265494-1265726-1A	TGTCATATACAGATTATAAAAATGATCATAGAATAAGCGAAATTTTAAATCGTTGTATTTTACGATTAAACGAGTTTGATCTAATTCATTTATCTTCTTTGGTCATATCTTTAAGTAAAATGAATTTTAGGAGTGTGTATTTTCTGGAACAAGTACAAAAGAAATT	201	201	1.0
Pf3D7_13_v3-1350855-1351093-1A	TCTTTTATATTAGTTGTTTCGTTATTTTCATTATGTTCCATATTTTGGTTATTTGTATATTTTATATTTTTTAAAAATTGGTAAATATATTCCGAGATGAAAGGTGTAAAAGGGGCCATAATTATTGTAAACAAATATAATGTTCTACATAAAACATTTAATGATTGGTGAGT	92	92	1.0
Pf3D7_13_v3-1406713-1406975-1A	TTTCAGGTCTTCTTAAATATGTTTTAAATTCATTATTTAATTTTTCATCATATTTAGGTACATTTTTTTTTGGAAATCTAGATGTTTCATTATTATCGTGATTTGATGAATATATATAATGAGTTTGTTTAAAATGTGGTTCATTCAAATTATCTTTTTTCTTATCTTCGTGTATATTTTTATTATAATTTGAATACTTC	10	10	1.0
Pf3D7_13_v3-1419363-1419626-1A	TTTTGAAATCTGTATATTTTTTATCATATTCATCGAGATTTATTTTGTTCTCTTTGTTTGAAATATCAACTACATGATTAAAAACATCTCCTAAATTATATAATTTCTTATCTAGGTCTTTTCGAAATGTCGATTCTCCTCCTTGTGCTGGTTTTTGTACTTCTTTTCCTTGTGTTGATATCTCTTGTTCATTTTTAGATTGAG	17	17	1.0
Pf3D7_13_v3-1465616-1465890-1A	TCTTGTGGATTATTATCTATTATATTTTCTTTTGGTTTTTCGACAGCAAAATTATCTCCTCTTGGTCTAGGTTGATCATCTTCGGGTTCATGTGGAACATCTAATGGTTCCCGTTTTGGAGGACATCTTTCTTCTTCACATTGTTCTTGTATTTCACTTGTACATCCTTCGTGTAAGATTTCTCTTTTTCTTGACCTGGTACCTTTACCACAAGTTACACTACATGGAGA	19	19	1.0
Pf3D7_13_v3-1465901-1466157-1A	CATAAAGGGTCCGATAACATTTTTTACATTTTCCCATGCAGAATCAGCATACAAGTTACATTTACCATCTGATGGATGACAACCTACAAGAAATCTGTTGAAAGCTACATTAATACCTTGTCCAATACCAAAAACAGCTATTTTAACACCACGATCATTTAATTTTCTTGATTCTTTTAATGAATCTTGAATACTAT	96	96	1.0
Pf3D7_13_v3-146695-146934-1A	AAAGTATTTGTAATAGATTAAACGATGAACTAAATGAAGAAATATGTGGTTATCAAATTAGGTTTGAAAAATCGTATTTTTTAAAACATAGTAAAATTAAAGTTATGACAGAAGGAATTTTATTGAAAGAAATTATGAGTGATTTTATTTTATCAAAATATAGTGTTATCATTCTTGA	118	118	1.0
Pf3D7_13_v3-156456-156685-1A	ATTATATGATATTTATATAAAATTAGAAAATCTAATTTTAGAAAAAATAACTGAAAGTATATACAATAGTACACCTCCATATAGAGTTATTATGTTCGAATTAATGACCAGATTATTTCGATTTTATACAAAACCAATAGACCTTATTATTACTATGAATACAC	55	55	1.0
Pf3D7_13_v3-156713-156986-1A	TCCTTTTATGTGAACAAATTAAATATTGTAAATGATTTCTTTTTTGAAACACACCATAAAGATACACATCAAGACAGTCAAAATGAACACAAAACGGATGAACCTAAAATACATAATGTTTTCAAAAAAAAAAATAACGATATCTTTGTTAATATTCCTCTACCAAAAATATTTAAAAATTTCTTACATTCCATATATTTTAGAACTCC	6	6	1.0
Pf3D7_13_v3-1724895-1725166-1B	CGCCATTTTCTCCTCCTGTAATTATATAAGAATCTGACAATGTGGCAGCTCCAAAATTCATTTTTTTCTCTGGTACACCATTTAGAAATTCCCATCTTTTATTAAATGGTTGATATTGTTCAACGGAATCTAATATGTTATGTTCATTATCAATACCTCCAACAACATATATTTGATTAAGGTAATTAAAAGCTGCTCCTGAACTTCTAG	2	2	1.0
Pf3D7_13_v3-1725124-1725365-2	TGGAAATTGTTCCCATTTATTCATTTTTTCTTCATATACTTCAATAGAATTTAATCTCTCACCATTAGTTCCACCAATGACATAAATTTTATTATCAAAAGCAACACACATAGCTGATGATCTAGGGGTATTCAAAGGTGCCACCTCTACCCATGCTTTCATACGATGATCATATGCTTCTAC	808	808	1.0
Pf3D7_13_v3-1725208-1725471-1B	CATAAATTTTATTATCAAAAGCAACACACATAGCTGATGATCTAGGGGTATTCAAAGGTGCCACCTCTACCCATGCTTTCATACGATGATCATATGCTTCTACATTCGGTATAATAGAAGAGCCATCATATCCCCCAATACAATAAATTCTACCATTTGACGTAACACCACAATTATTTCTTCTAGGTATATTTAAATTACTTGAAAC	25	25	1.0
Pf3D7_13_v3-1725379-1725652-2	ATTATTTCTTCTAGGTATATTTAAATTACTTGAAACATACCATACATCTCTTAAACGATCATACACCTCAGTTTCAAATAAAGCCTTATAATCATAGTTATTACCACCAAAAACGTATAAGAAATTATTCAATACAGCACTTCCAAAATAAGCTTTTTTGGTAGACATAGGTGTACACATACGCCAGCATTGTTGACTAATATCTAATAATTCCA	204	204	1.0
Pf3D7_13_v3-1725464-1725719-1B	ATCATAGTTATTACCACCAAAAACGTATAAGAAATTATTCAATACAGCACTTCCAAAATAAGCTTTTTTGGTAGACATAGGTGTACACATACGCCAGCATTGTTGACTAATATCTAATAATTCCATCGAATTTAAATATTCTACACCATCAAATCCACCTATACAAAATACTAATGGGAATGGTAAAAATTTAATACCA	20	20	1.0
Pf3D7_13_v3-1725713-1725955-1B	GGTATGGGTATAGTTAACGGATTTCTTAAGAAGTTAAGTATAATTCTAAATAACTCACTATCCCTATCTAAGAATATTCTTCCTTGTTTATCTCTGGTTACATGATGTCTTCCACTTAATAATTTCTCTATAAATGAATCTTTTTGTTGTGTTAAGGTATGTCTAGATGTTTCAAAAATAG	216	216	1.0
Pf3D7_13_v3-1725887-1726123-2	AAATAGCTCCACCAACATTAATATCAATCATAGTTTCAGTAGCAATATTTGCATCAACAATTTTTTTTTTATCATTCTCAAAATTTTTATATTCTTGATAATATTTTTCTTTTTCTAAATATAATACTAATTTAATTTTATCGATTTCTTGTAAAAATCTTAATCTTTCTTCATCAA	1706	1706	1.0
Pf3D7_13_v3-1726057-1726304-1B	CAAATCGTTTCCTATGTTCTTCTTTTTCTTTTTTTATTTGTTTATAACCATTAGATATATCAATATCTAATTTCTTTCTTTCATCATGTAATTTCTGTTCTTCAATATTTTTACGGTTTTCTAATTCTTTGTACAATCGTACTCTTTCCATTTCTAGTTCTTTCTTATCTTTAAATAATT	42	42	1.0
Pf3D7_13_v3-1726174-1726408-2	TTTCTAATTCTTTGTACAATCGTACTCTTTCCATTTCTAGTTCTTTCTTATCTTTAAATAATTTATCTTTTTCTCGAATAAAATTCATTTGTGTCTTTTTTAACCAATTAATAAATGTAATTCTTAAATCACCTACCATATTTTCAAAATCACTAGCATCACTTAAT	2408	2408	1.0
Pf3D7_13_v3-1726723-1726995-1B	TATCAATGGATTCTAATAGGCTATCTTTAACATTTCCATAACTACTATTATTTAAAAGGAAACTATTATTTTCCGTTTTCTCATTTTTATCACTAGTTAGATTCATAAATGAATTAGAATCATTCTCGCTACTACTTCCGCTTTTATCATCACTATTGCTGTTACCACCAGATTCCCTATCATACGTCATAGAAAAATTCGAGATACTAT	9	9	1.0
Pf3D7_13_v3-2114242-2114482-1A	CTTCCATTAACTCAATATATAATTTATTAATAATTTTTAATTTGTTTATTTCAAAAAGGCATAGTTGTAACAAGGTTCTTAAGGTTCTATTACCCCCTAAGAGGTTAAAATGAATATTTCCTTTTTCTCGTATATGCAAAAAATCCCTTAACAATAAATCATATTCATCAGTATGAAATGT	75	75	1.0
Pf3D7_13_v3-2114829-2115090-1A	ATTCAATATATATAAAAATATAGCTAATAAACATTTCAAATCTCCATTAAGAACTTTATTCATCTTAACAAAAGCTCTATGAACTTCTGTATCTATAGTCGATTTTGTTATTCTAAGCATATCATTAAGTAAAAAATTTACGGTATCGACATTAACAGTGTAATAATTTCTTCCTAAATTTAAATGTTCTAAATAATTCAA	5	5	1.0
Pf3D7_13_v3-2504481-2504734-1B	TAAAATGTGTTGATGATTTTAACAATATGGTTATAACGATAAAAGAGGAAGTAAACAATCATTGGGAAAATAATATATACAATAAAAAGGATATGGTTAATTATACAAATGAAAATTATAATGATAATATATTAACATATGAATATATTAATGAAACACTTAGAAAAGAAAAAAAAAGATATTATA	15	15	1.0
Pf3D7_13_v3-2545065-2545291-1A	ATGATTCCTCAAAAGTTTAACATTCCACATAGTATCTGTTAAATTGATAGTTTGCAAACAATTATACGTTTGGTTATTTTTATTTTTAAAAAAGGATATATGATCATCTAAAGATTTATTTTTGAGAAAGATTTCCATATATTCATATATATCTTGAATACACCA	127	127	1.0
Pf3D7_13_v3-2770591-2770863-2	ACACATCGATTTTATCAAAAGGAAATATTCCAAGAAATATTTTTAAAAAAAAATAGTGAGTTAGATGATCACGTATGGAATATAGAAAGTATTACTACGAATATATTAGAGAGGAATAAATTAAGTGATCAAAATAATGAAGATAACCATGATGTTAATAATAATAATGAAGACCCATCTGGGGGTAATTTAAAAACCAATCTAAT	571	571	1.0
Pf3D7_13_v3-2770621-2770854-1B	ATTCCAAGAAATATTTTTAAAAAAAAATAGTGAGTTAGATGATCACGTATGGAATATAGAAAGTATTACTACGAATATATTAGAGAGGAATAAATTAAGTGATCAAAATAATGAAGATAACCATGATGTTAATAATAATAATGAAGACCCATCTGGGGGTAATTTAAAAAC	85	85	1.0
Pf3D7_13_v3-2780346-2780575-1B	GTTGGATAGAATGCCCGACTACGGATCGGGAGGTCGTGGGTTCGACTCCTGCCCGGCCTAATTTTTTTCGTTTTCCTTTTTAAAGTAAAAAAGGATAATATTTTTAAAAAACATTTAGTATATATATTTTTTTTAAATAATAAATCTATTATATTATTAAATATTATGAGAAGA	25	25	1.0
Pf3D7_13_v3-2814583-2814832-2	TCAGTCTTCTAATTCTAGCGATAATGATCCTGCAGTAGTAAGTGGTAGAGAATCTAAAGATGTAAATCTTCATACTTCTGAAAGGATTAAAGAAAATGAAGAAGGTGTGATTAAAACAGATGATAGTTCAAAAAGTATTGAAATTTCTAAAATACCATCTGACCAAAATAATCATAGTGATTTATCACAG	2632	2632	1.0
Pf3D7_13_v3-2814606-2814855-1B	TAGCGATAATGATCCTGCAGTAGTAAGTGGTAGAGAATCTAAAGATGTAAATCTTCATACTTCTGAAAGGATTAAAGAAAATGAAGAAGGTGTGATTAAAACAGATGATAGTTCAAAAAGTATTGAAATTTCTAAAATACCATCTGACCAAAATAATCATAGTGATTTATCACAGAATGCAAATGAGGACTCTA	203	203	1.0
Pf3D7_13_v3-2816310-2816554-1B	CAAATACTTTTCAATATAGGTCTAGTGAAAGTGTGGAAGTAATAACTAATAAACCTGATGAAATGGAAATGACAACTAAACCACCATCACAATATATTGAAAAGGAAATTGGAGAAATTGATTCTACAAAAAATCAAGATAATGATGAACAAAGCAATTCTATAATTCCTTTAATTAATAAAAATAATGAA	114	114	1.0
Pf3D7_13_v3-388138-388408-1A	ATATATCTTTATTCATATGTTCTATATATTGTCTTTGTCTCTTTTCCTTTCTCATATCAGATATTATTGAATAATTTCCTTTATCACATACATATCTAGGATTATGTGATAATTCATAAGCTGCTCTTTTTAAAACTCTATTCTTTTCTTTAAAACTATTAAATTTTATATTATTGTTCATATTAGATGTGTTACTTTTAATAATA	11	11	1.0
Pf3D7_13_v3-479569-479811-1A	CTAGAGACGAATTTGATGATAAAAGAAAATTAAAAGAAGAGAAAATTAAACAATGCCAACTATTAAATGAAAAACAACTAGAAGAAAAAGAAAAAGAAGAAAGAATTCTGAGAGAAAAAGCTGTTGAATATACCTTACAAAATGAAGAAGAATATAAACAACTAAAAAGAAAATT	123	123	1.0
Pf3D7_13_v3-748254-748510-1B	ATACCAAAAAAAATAAAATAAAATAAAATGAAATAATAAATAAATAAATATACATATATTTACATATATATATATATAATTACACATATTTTTGATTGAGGACAAATTACATGTAGTGTAGTTCGTCTTCCTTGTGCGTTTCAATCACACAATCCGATTTAGGATAACATGTACACAAAAGAATATATTTTTTCTT	10	10	1.0
Pf3D7_13_v3-815862-816091-1A	ATGATGTAGATGCTAATAGCACATCCTGGTCAGTATCTTGTGATAAATAATTTAATTTATCCGCTAAAAAATAAAGTATAATTTCACAGCTTTTTTTATTTGTATCTGTGTTTTTCATGTTATCATAAAAAGACAAAGATGAAGTAGCACATGAGTTAATTA	67	67	1.0
Pf3D7_13_v3-852647-852921-1A	TACGAAATGATGAATTAAAAGAATTAACATTTATGAAAAATAAAGAAAATAGGAATGCAGATACATATGTTTTTGATTATCCTAAAAAAGAGAAATATGACCAATTAGTTTTTGAATTACGTAAACATAATTTTAATATAACAAGCATGAATACATATAAAAAACTAAAAAATGAAACATCATCACAAAAAGAAGAAAATGCTTCTATAATAAGTT	1	1	1.0
Pf3D7_13_v3-911757-912005-1A	GAGCCAACAATTTGATTTTCCACAACTTACTGAATCTTTAAAACATTGTGAACAGGTATCTGACATTTTTTTATTATCTTTGGCTAGTTCCTTTTGAACACATTCCATAGTACTATCACCTGAACCTAAGTTATCAACAGAACATTTTAATAATATACTAAAAAATTTATTGCTAGGAGAAAGTTGTAAA	79	79	1.0
Pf3D7_13_v3-935613-935884-1A	CAAAATAATATGAATAGTAATAGTAATAGTTATAATAATTTTAATATAACAGATAGAAGTAAAGAAATAAAAAAAGATTATAAAAGAAACAAAATTTTAATAGTTATTAATAATATTAATACAAATCATATTTTATTATTAAATGAAAGTGTTATAAAAAAAAAAATACTTACATTTTATCTAGATCTTTTTTTTGATGATAATGAACAAAT	3	3	1.0
Pf3D7_13_v3-958247-958510-1B	TTTATATTATCTGTAATATGCACATTTTGTATAATATTATCAATATTTGTAGCATTTTGACCGTATGTTTCATTTTCATCGTATGTTCCATTTATATTGTATGTTCCATTTTCATCGTATGTTCCATTTATATTGTATGTTCCATTTTCATCGTATGTTCCATTTATATTGTATGTTCCATTTTTATCATATGTTATGTCCACAT	12	12	1.0
Pf3D7_14_v3-1038300-1038538-1A	ATTAATGATTTATACACTTCAACTACACTTTTTAATTTAGCCCATACAACTAATAAAGCTCTACGATAAATTTCTTTTTTATTTGATTTAGAAAAAGGAGAAAACCATTGAAACTTTTTGGCTAGATATTTATGGTCTTTATCAAAAATATAATCTGAAACTTCATCTTCTAGAAGT	135	135	1.0
Pf3D7_14_v3-106867-107115-1A	AATGACATGAACAAGTCAGGCGAAAAAGAGGAACATGTTATAAATAGTAAATGGAAAAATAAATTTTTCCATGAAGTTATACAAAATATGTTATATGATGATAATATAAATGATCATAAAGAAGAAATTAAGGAAGATAATTCTAATGAATATAATATCAATAATAAAAATGATAATTTATATGATATA	36	36	1.0
Pf3D7_14_v3-1166107-1166371-1A	TTTTTGAATTATTAAATATATCTTCTATAAAAAAAGAATATCAAGCTATACATAACAATAAGTATTTTTTATGGAATATGGATGCAGATTTTTTTACTATAAAAAATCATCATAAGGATAATAAGGATAACAATGATGAAAATGTGAATGTAATAATACAACAAAATAATTTAGTTCTAGAAAAATATGATCATTTAATAGA	10	10	1.0
Pf3D7_14_v3-120101-120365-1A	TTTTACAACATTATTTTTTTCTTCCTCCTCAGATAAAATAGGTACACATATCGCGTCCTTATCACATCCTCCATTGTTTACCTTACAATGTTCTTCGCATTCGAAATTTTTTTCAGGATTACTTGAAAAGCCTTGTGGACAATTACAATATTCATATCCATGAGCATTCTTACAAACACCTTTTCCACAATTTAAAA	25	25	1.0
Pf3D7_14_v3-1392837-1393086-1A	ACATGTATTGTCCCCAGCATGAATCGGGTGATAAATATTATCAAGCGTATCAAAAAATGGATTGTAATTATTACTACTATTCATATCATTATTTTTTGTGGTGGTGGACTGTGAAATGTTTTCCTTATGATTTTGACTTGTGTGTATATCCCTACCAACAATATATTCAACATTATTATTATCAAAAA	44	44	1.0
Pf3D7_14_v3-1954850-1955124-1B	TTCAGTATGTGGTTCATTTGATTTTGATTGCATATTCCACATTTCTGTGTATTCTCCATTACATTTTAATAAATCTAGATGTGTTCCTCTTTCTATAATTTTTCCTTTGTTCAATAAGATAATTAATTCAGCGGTTGTGATAGTACATAGTTTATGTGCTATAATAATAATGGTTCTATTTTTTCTTAAATCTTCTACAGCTTTTTGGAAAAGATA	2	2	1.0
Pf3D7_14_v3-1956056-1956330-1B	CTAATTTTTTTTCTCCACTTTGTAATTTTTATTGTTGAATATATATATAAAGTTAAACCTATAAATAATACACTACCTAATAAACTATTCTTATATTTAAAAATAAATATAATACATGTTATTAATCCTTCTATTGTTGCCGGAATAATATACATTAAAACAGAACTCATCAAATTATTAGCACTCTCGGTACCTCTATCAACTATTCTCA	2	2	1.0
Pf3D7_14_v3-1956365-1956639-1B	GTACTTGTGAATATAATACACCACAAACCTCTTTTAAAAATTTAGATATAAAAAAAATGTTACATATAAACCTAAATAATATACTGAACTAGATAAACTCTTTTTTAATACTTCATTTGATGCCCAACCTAAATATATCGGAGAAATTACACTAAATACTTTTGATACTAATATAAATAAAAATATTAGAACAATATATGTACGTAATATA	1	1	1.0
Pf3D7_14_v3-1957218-1957480-1B	TTATTAAATACATGTTAGTATTATAAAGAGGATTTTCTGATTTTATTACATAACTATAATTTATCATCTTTATTACATTCAATATAACTAAGATACCGGTTATATGTCTGGATAATACATACACCTTTCCTAATGTATTCAATTCTGTTAACTTTTTATGTAATCTAAATAAAATTACGGTGTATATTATTCTTA	4	4	1.0
Pf3D7_14_v3-1992121-1992370-1A	ATTAAAACATTCCAACAATTTTATTTCCTTCTTTATAAAATTATATAAATTAATTATTTTCTTTTTATCACATTCAAAGACGGCATAAGGTGCACCCCATGAACATTTTTTACTTTTGCTACCATCAGGCATAATATAAACACCAGTACCATTTTTTTCTGATAAATTAATATTTTTTTGTATAACATCATA	23	23	1.0
Pf3D7_14_v3-2004362-2004606-1A	TATTTCCATATTATTGTAATAGGGCTTTTTCTTGCTCTTCTAATTTTTGTATATCTTGCTTATCCTTATCTAATTGTCCAAGAGCATCTAATTCATCACCTACATTTATTTTATTTTCTTGAGAATATTCTTCAATTTTGTCTTCGAAACTGTTATATAATCTATTTATAATTGGTTG	50	50	1.0
Pf3D7_14_v3-2020604-2020849-1A	CAAGAACATGAATATTTCTGTAAATACATAGACAAGTCCTCATTATGTCTTATCACAGGGTGCTCTTCTTTAATATGACAATATAATTTTATATGTTTTATTATTTCTTGATGAATTTCACATAATAAAAATAATGTGTGATTCATATGTTGACTACTCAATATAGAAAAGCCACTAACTAATTG	76	76	1.0
Pf3D7_14_v3-2260533-2260765-1A	AATAACCATCAAATACAAACTCAACCAACAAATACAGTACAATATATTCAACCAAATTATGAACAAGTCATAACACAAGTAGATCAAAATGGTAATCTATTCAATCAACAGCTTGTAGGAAGTACAGTAATGCAAAATATGACACCACAAGGTGTAAACACGTTAAATTATCCTGCAACG	201	201	1.0
Pf3D7_14_v3-2355614-2355853-1A	ACTTTTCTCGATTCACATTATCCAAACCCATTTAACGAGTATGAAAAATATGACAAACATTATTATGAACTTGAAAATATTTTAAAAAACAAACTTAATGAACAATCCTTAAATTATCAATCTTTGTTAAAAATGAAAAGATTTATAAGTATGAACGATATGGAAAATAATAA	124	124	1.0
Pf3D7_14_v3-2481033-2481276-1B	CCATGTGGATAAAGACAGTAGAGAGCAATTCGAAATAAAACAGTACTCTTGCAAATTAGATATTTTTTTGAACTCATCTGTTCCTATAAAAAATTCTGAATGTAAGCAGAATAAATTATACACAAAAGAATATATATTCATTTTTATTTATTCACTTTATATATGTTTGTATGTATGTA	82	82	1.0
Pf3D7_14_v3-2695837-2696082-1A	CGTTTTGTATCATATTATTAGATATAGTTATTTTATTATTATTTTCTACATTGTTATTCAATATATTACATCCTGTTATGGAATTATTGTTAAAATATAAATTATTCGAATTGTTATTATTAAATTCTAATCCACTAACTGCTGTTGTATATAATGATGATGAGTTATTATTATAGAAATC	48	48	1.0
Pf3D7_14_v3-2733345-2733593-1A	TCGATGTACATGCAGAAAAAATATTGGAACGTTTATTTGTAATTTATTTATGTGTATTAAAAGAATATGAAAAACATCCTCCTAAAATATTAAAATATTCATTACGTGCTATATCTAGATACTCGATGTATATAAATAAATTTATCATGGATGATATATTATTTGAAATTAAAAACCTTGCTGCA	55	55	1.0
Pf3D7_14_v3-279563-279833-1A	CATTTTTCTTTTAAATGAGAGCAATATATTTCTTAGGTTTATTCCGGATAAATGTTTAGTTATTAGCCAGGTGAGTTATAGTGATTCATATAAGGTAAATTGTATTAATTTCTCTGAAGGATTTTGTTGCTGTCATCCAATAAATAATTTAGCACTATTATATGGAGAGTATCAACAAAATCAAGAATCAAAAATTATGAAATTACCG	3	3	1.0
Pf3D7_14_v3-283350-283576-1B	AAGCACATATGTAAAAGAGAGCTTCAAATTTTTTAAATCAGGTTATGCACAAAAAGGATATTTAGGAAGTGAAAATGACAGTATTGAATTAGATGATGTTGCTAATTTAATGTTTTATGGTGAAGGACAAATTGGAACTAATAAACAACCATTTATGTTTATTTTCGATA	197	197	1.0
Pf3D7_14_v3-283973-284211-1B	TTAAATCATGACTTATATTGGCAAATAGATTTAGATATACACTTTGGTAAATATGTCATGCAAAAAGCAAATGCTGTTGTTGATAGTGGTACAAGTACTATAACAGCACCAACCAGTTTTCTTAATAAATTCTTTAGAGATATGAATGTTATTAAAGTACCATTCTTACCATTATAT	98	98	1.0
Pf3D7_14_v3-2858894-2859160-1A	ATAGATTTTAATGACATAAAAAACACAACAAATGAGTATAATAATTTTGAGGAACATAATTATCAAGATGATAAATTTATATTTAATAAAGATATACATAATATTCTTTTAGAATTAAAGGAATCATTAAATGACATATCACGTGGAAGACTAAATACATTGATAAGAGATAATAAAATAAGTAGTTATATAATATATCA	5	5	1.0
Pf3D7_14_v3-288429-288696-1B	ATCTTATAGATAATGTATTATTCCCAAAAAATAAAAAGATAAATGAAATTATGAATACCTCAAAACATGTAATAATTGGATTTAGTATTGAAAATTCTCATGACAGAATTATGAAAACAGTAAAACAACACAGATTAAAAAATTATATTAAAGAATCCTTGAAATTTTTCAAAACAGGACTTACACAAAAACCACATTTAG	10	10	1.0
Pf3D7_14_v3-289301-289550-1B	CACCAACTGAATTCCTTAACAAATTCTTTGAAGGTTTAGATGTTGTTAAAATACCTTTCTTACCATTATATATAACTACATGTAATAACCCTAAATTACCAACTCTAGAATTCAGATCAGCAACAAATGTTTATACCTTAGAACCAGAATACTACTTACAACAAATATTCGATTTTGGTATATCATT	34	34	1.0
Pf3D7_14_v3-293575-293829-1B	TTTTGTAGTGTAATGTGTGGTTTATTTTATTATGTGTATGAAAATGTATGGCTTCAAAGAGATAATGAAATGAATGAAATTTTAAAAAATTCCGAACATTTAACTATTGGATTTAAAGTTGAAAATGCACATGATAGAATTTTGAAAACTATAAAAACACATAAATTAAAAAATTACATTAAAGAAT	15	15	1.0
Pf3D7_14_v3-294503-294768-2	CAGAATTTAGATGTTATCAAAGTCCCATTCTTACCTTTCTATGTAACTCTTTGTAACAACAGCAAATTACCAACTTTTGAATTTACCTCAGAAAATGGTAAATACACATTAGAACCTGAATACTACCTTCAACACATAGAAGATGTTGGTCCAGGATTATGTATGCTTAATATCATAGGATTAGATTTTCCAGTACCAACCTTTA	624	624	1.0
Pf3D7_14_v3-294506-294753-1B	AATTTAGATGTTATCAAAGTCCCATTCTTACCTTTCTATGTAACTCTTTGTAACAACAGCAAATTACCAACTTTTGAATTTACCTCAGAAAATGGTAAATACACATTAGAACCTGAATACTACCTTCAACACATAGAAGATGTTGGTCCAGGATTATGTATGCTTAATATCATAGGATTAGATTTTCCAGT	81	81	1.0
Pf3D7_14_v3-297583-297856-1B	AGGAGGTTTTTCTTATTATATTTTTGAAAATTTCGTTTTTCAAAAGAACCGTAAAATTAATAACATAATTAAGACTTCAAAATATTCGACAGTAGGATTTAATATTGAAAATTCTTATGATAGACTTATGAAAACAATTAAAGAGCATAAATTAAAAAATTATATAAAAGAATCAGTAAAACTTTTTAATAAAGGTTTAACCAAAAA	1	1	1.0
Pf3D7_14_v3-297935-298162-1B	ACCCAGTATAAAATGTACATCAGAGTCTTGTGAAAGTAAAAATCATTATGATTCATCAAAATCAAAAACATATGAAAAAGATGATACGCCTGTTAAATTGACAAGTAAAGCTGGTACAATAAGTGGAATATTTAGTAAAGATTTAGTAACTATTGGTAAATTATCAG	263	263	1.0
Pf3D7_14_v3-298368-298636-1B	ACGATTTAATGTGGCAAGTTGATTTAGATGTACATTTTGGTAATGTATCTTCCAAAAAAGCAAACGTTATTTTAGATAGTGCCACCAGTGTCATAACTGTACCAACAGAATTTTTTAATCAATTCGTAGAATCTGCAAGTGTTTTCAAAGTTCCATTCTTATCTTTGTATGTAACCACTTGTGGTAACACGAAATTACCAA	28	28	1.0
Pf3D7_14_v3-3124416-3124655-1A	TAATTGATCTTCTAGAGGAATTAGATATTTTGTCTATATCGAATAAAGATGAAGTAGAAAAACGAAGAAAGAAAACAACTCAAGAGACGCGGTTGTTAGGAAATATTGATTTAGGATATGGAAAATTAGGAGAGGGAATAAAGTATGAAAATTTACAGGAAGAATTAGGAAACAGATTATTTG	324	324	1.0
Pf3D7_14_v3-3125801-3126073-1A	ATTCTTATAATATTTAAGAATGAAGGGATTAAATATTTATATTTTAGCGACGATACTCTGAAATATGTTAATTTTAATTATCCTGATTTTAACTTATATAAATGTATGAATTTATATAAGAAAAATTATGTTGATAGGGATGAGAAAGATATCTGTGATTTTTCAAATGAAGATTTTCCGTTAATAAAAGAAAATAACAAGAGAATCAG	3	3	1.0
Pf3D7_14_v3-3214249-3214516-1A	TAAATAAAAAAGGATTAGATGATTTAATAAAAGATTTGTTAAAATATTTTCCAAAGAATTCAATTAGCGATAGTTTTGTATTCTCAGAATTTAAAATGACGGAGGATTGTTATACAAAAATGTGGTTTGATTTTATGAGTGATTTTGGAATAGCTACAATGAATGAAAGCGAACATACTAGATCTTTTTATGGCTTAATCGAA	28	28	1.0
Pf3D7_14_v3-377765-378020-1A	AAAGATATATCAACTGAAAAGATTTTATCAAATAATTGCTTTAATAATAAGTTAAAAAATTGATTTCCAACATCTATCATATTCATATAATCTAATGATTTAAAAATATATAATATACTCTTTGGACTAAATTTTAATTCATCATTTATTATTTTCTCTTTTACTATTGCTTTAATTTGATTAAAATATATAA	3	3	1.0
Pf3D7_14_v3-407306-407542-1A	CTTTCTTTCGTCTTTGTTTTCATTATCCATATAATCTTTTTCTCCTTCCTTTTCATTCTTTACTTTATTTCTATTAATACACAACTCTCCTTGAGTTAAGAGATTTACGATATTATCAATATTGTTTTCTTTCATATACTTCAACTTTTTACTATTCATTTTTAAAAGA	298	298	1.0
Pf3D7_14_v3-421322-421547-1A	TAAGAAAGATGAAGTAATAGAAAAAACTGAAGTATCAAAGAAAACATTTTCAGGTATAGGTTTTAATCTTACTGACAAAGAAGCTAAAGTATTAGGTGTAGGTGCAACCTATCAAGAATATCCAGAAACCATGTTATATAACTGTCCAAACAATTCTA	111	111	1.0
Pf3D7_14_v3-771407-771633-1A	ACCCACGGGACATTTTAATTTATACCTATTGGAACATTTTTTATTAGGTCTTTCTTTATGATTCTTCTTTAAAATAGGTTCATCATTATTTGAGTAAACTAACAGATCATTATCGTTCTCAAAATTATTATAACCATCAATATTTTTATTTCCATATACATCTATAA	242	242	1.0
Pf3D7_14_v3-860289-860542-1B	GTGAAGTTCAATGTTTGAATGGGAATAACGAGATAATACATAAAAGATGTAATGACGACATAGAAAAGAAATGTAATGGTAATAATAAATGCATATATTTTTTTGAATATGAACTTCGAAAAAAAACACAATCCTTTCGAAATAAGAATAGTATAGAAATAAGTGAATGTGTAGAATCGGAACAGAACGAAGT	54	54	1.0
Pf3D7_14_v3-860834-861066-1B	ATGAAAATTCAGGATTCTACATCTAATGAACAAGATGAAAATGTTAAAGGAATGAGTTCATCACAAGAAATGAATTCTAATAACGACGAAAATAAAAATCAAGATAATGAAAGTGATGATGATGTTAATAATAATAATAATAATAATAATGATGATCAAGATGAACAAGGT	294	294	1.0
Pf3D7_14_v3-921176-921432-1A	ACAATATTAATTTTATAAGTTCATTATTTCAATTTTATATTTAGGAGGATCTATATCCATATATTATTCATTTTAAAAATATTAAAATAAATACATATATAAATATATAAACATATAAAATCAGTCTTTTAAAAATTAATAAGATTTATATAAAATATGGTTATAAATCCTATTTTGTATTATATCAAA	1	1	1.0
